"const","margin","party","area","le","Party"
"Aldershot",12.31,"Conservative and Unionist Party","E07000092",78.4,"(Conservative)"
"Aldershot",12.31,"Conservative and Unionist Party","E07000089",82.2,"(Conservative)"
"Aldridge-Brownhills",39.52,"Conservative and Unionist Party","E08000030",77.5,"(Conservative)"
"Altrincham and Sale West",23.48,"Conservative and Unionist Party","E08000009",79.2,"(Conservative)"
"Amber Valley",1.16,"Conservative and Unionist Party","E07000032",78.6,"(Conservative)"
"Arundel and South Downs",29.82,"Conservative and Unionist Party","E07000227",80.9,"(Conservative)"
"Arundel and South Downs",29.82,"Conservative and Unionist Party","E07000228",81.4,"(Conservative)"
"Arundel and South Downs",29.82,"Conservative and Unionist Party","E07000224",79.1,"(Conservative)"
"Arundel and South Downs",29.82,"Conservative and Unionist Party","E07000225",80.4,"(Conservative)"
"Ashfield",0.390000000000001,"Labour Party","E07000170",77,"(Labour)"
"Ashfield",0.390000000000001,"Labour Party","E07000172",79.4,"(Labour)"
"Ashford",31.34,"Conservative and Unionist Party","E07000105",80.7,"(Conservative)"
"Ashton-under-Lyne",23.66,"Labour Party","E08000008",75.8,"(Labour)"
"Ashton-under-Lyne",23.66,"Labour Party","E08000004",76.6,"(Labour)"
"Aylesbury",23.73,"Conservative and Unionist Party","E07000007",80.8,"(Conservative)"
"Aylesbury",23.73,"Conservative and Unionist Party","E07000004",79.3,"(Conservative)"
"Banbury",32.4,"Conservative and Unionist Party","E07000177",79.6,"(Conservative)"
"Barking",36.51,"Labour Party","E09000002",77.1,"(Labour)"
"Barnsley Central",29.98,"Labour Party","E08000016",77.4,"(Labour)"
"Barnsley East",28.89,"Labour Party","E08000016",77.4,"(Labour)"
"Barrow and Furness",11.81,"Labour Party/Co-operative Party","E07000027",76.2,"(Labour (Co-op))"
"Barrow and Furness",11.81,"Labour Party/Co-operative Party","E07000031",80.3,"(Labour (Co-op))"
"Basildon and Billericay",29.68,"Conservative and Unionist Party","E07000066",79,"(Conservative)"
"Basingstoke",26.01,"Conservative and Unionist Party","E07000084",80.3,"(Conservative)"
"Bassetlaw",16.57,"Labour Party","E07000171",77.9,"(Labour)"
"Bath",25.24,"Liberal Democrats","E06000022",80.1,"(Liberal Democrat)"
"Batley and Spen",8.62,"Labour Party","E08000034",77.9,"(Labour)"
"Battersea",12.25,"Conservative and Unionist Party","E09000032",78.7,"(Conservative)"
"Beaconsfield",41.49,"Conservative and Unionist Party","E07000007",80.8,"(Conservative)"
"Beaconsfield",41.49,"Conservative and Unionist Party","E07000006",80.7,"(Conservative)"
"Beckenham",37.29,"Conservative and Unionist Party","E09000006",80.6,"(Conservative)"
"Bedford",3,"Conservative and Unionist Party","E06000055",78.8,"(Conservative)"
"Bermondsey and Old Southwark",19.1,"Liberal Democrats","E09000028",77.6,"(Liberal Democrat)"
"Berwick-upon-Tweed",7,"Liberal Democrats","E06000048",78.4,"(Liberal Democrat)"
"Bethnal Green and Bow",22.81,"Labour Party","E09000030",76.5,"(Labour)"
"Beverley and Holderness",24.41,"Conservative and Unionist Party","E06000011",79.2,"(Conservative)"
"Bexhill and Battle",23.59,"Conservative and Unionist Party","E07000065",80.4,"(Conservative)"
"Bexhill and Battle",23.59,"Conservative and Unionist Party","E07000064",79.4,"(Conservative)"
"Bexleyheath and Crayford",23.95,"Conservative and Unionist Party","E09000004",79.9,"(Conservative)"
"Birkenhead",43.58,"Labour Party","E08000015",77.6,"(Labour)"
"Bishop Auckland",12.68,"Labour Party","E06000047",77.6,"(Labour)"
"Blackburn",21.67,"Labour Party","E06000008",75.9,"(Independent)"
"Blackley and Broughton",35.97,"Labour Party","E08000003",74.5,"(Labour)"
"Blackley and Broughton",35.97,"Labour Party","E08000006",75.6,"(Labour)"
"Blackpool North and Cleveleys",5.29,"Conservative and Unionist Party","E06000009",73.4,"(Conservative)"
"Blackpool North and Cleveleys",5.29,"Conservative and Unionist Party","E07000128",77.5,"(Conservative)"
"Blackpool South",5.26000000000001,"Labour Party","E06000009",73.4,"(Labour)"
"Blaydon",20.29,"Labour Party","E08000020",76.7,"(Labour)"
"Blyth Valley",17.29,"Labour Party","E06000048",78.4,"(Labour)"
"Bognor Regis and Littlehampton",27.88,"Conservative and Unionist Party","E07000224",79.1,"(Conservative)"
"Bolsover",25.42,"Labour Party","E07000038",79,"(Labour)"
"Bolsover",25.42,"Labour Party","E07000033",77.2,"(Labour)"
"Bolton North East",9.43,"Labour Party","E08000001",77,"(Labour)"
"Bolton South East",21.8,"Labour Party","E08000001",77,"(Labour)"
"Bolton West",0.190000000000005,"Labour Party","E08000001",77,"(Labour)"
"Bolton West",0.190000000000005,"Labour Party","E08000010",77,"(Labour)"
"Bootle",51.31,"Labour Party","E08000014",77.1,"(Labour)"
"Boston and Skegness",28.81,"Conservative and Unionist Party","E07000136",78,"(Conservative)"
"Boston and Skegness",28.81,"Conservative and Unionist Party","E07000137",77.2,"(Conservative)"
"Bosworth",9.27,"Conservative and Unionist Party","E07000132",79.6,"(Conservative)"
"Bournemouth East",17.56,"Conservative and Unionist Party","E06000028",78.1,"(Conservative)"
"Bournemouth West",13.4,"Conservative and Unionist Party","E06000029",79.6,"(Conservative)"
"Bournemouth West",13.4,"Conservative and Unionist Party","E06000028",78.1,"(Conservative)"
"Bracknell",30.12,"Conservative and Unionist Party","E06000036",80.2,"(Conservative)"
"Bracknell",30.12,"Conservative and Unionist Party","E06000041",81,"(Conservative)"
"Bradford East",0.899999999999999,"Liberal Democrats","E08000032",77.2,"(Liberal Democrat)"
"Bradford South",12.16,"Labour Party","E08000032",77.2,"(Labour)"
"Bradford West",14.2,"Labour Party","E08000032",77.2,"(Respect)"
"Braintree",32.76,"Conservative and Unionist Party","E07000067",79.1,"(Conservative)"
"Brent Central",2.97,"Liberal Democrats","E09000005",79.5,"(Liberal Democrat)"
"Brent North",15.35,"Labour Party","E09000005",79.5,"(Labour)"
"Brentford and Isleworth",3.64,"Conservative and Unionist Party","E09000018",79,"(Conservative)"
"Brentwood and Ongar",33.44,"Conservative and Unionist Party","E07000072",79.7,"(Conservative)"
"Brentwood and Ongar",33.44,"Conservative and Unionist Party","E07000068",80.7,"(Conservative)"
"Bridgwater and West Somerset",16.97,"Conservative and Unionist Party","E07000188",80,"(Conservative)"
"Bridgwater and West Somerset",16.97,"Conservative and Unionist Party","E07000191",78.1,"(Conservative)"
"Brigg and Goole",11.74,"Conservative and Unionist Party","E06000011",79.2,"(Conservative)"
"Brigg and Goole",11.74,"Conservative and Unionist Party","E06000013",77.8,"(Conservative)"
"Bristol East",8.27,"Labour Party","E06000023",78,"(Labour)"
"Bristol North West",6.5,"Conservative and Unionist Party","E06000023",78,"(Conservative)"
"Bristol South",9.79,"Labour Party","E06000023",78,"(Labour)"
"Bristol West",20.54,"Liberal Democrats","E06000023",78,"(Liberal Democrat)"
"Broadland",13.84,"Conservative and Unionist Party","E07000147",79.8,"(Conservative)"
"Broadland",13.84,"Conservative and Unionist Party","E07000144",80.9,"(Conservative)"
"Bromley and Chislehurst",31.56,"Conservative and Unionist Party","E09000006",80.6,"(Conservative)"
"Bromsgrove",21.9,"Conservative and Unionist Party","E07000234",79.7,"(Conservative)"
"Broxbourne",41.18,"Conservative and Unionist Party","E07000104",79.4,"(Conservative)"
"Broxbourne",41.18,"Conservative and Unionist Party","E07000095",80,"(Conservative)"
"Broxtowe",0.740000000000002,"Conservative and Unionist Party","E07000172",79.4,"(Conservative)"
"Buckingham",25.92,"The Speaker","E07000007",80.8,"(Speaker)"
"Buckingham",25.92,"The Speaker","E07000004",79.3,"(Speaker)"
"Burnley",4.34,"Liberal Democrats","E07000117",74.9,"(Liberal Democrat)"
"Burton",12.65,"Conservative and Unionist Party","E07000193",77.8,"(Conservative)"
"Bury North",4.98999999999999,"Conservative and Unionist Party","E08000002",77.5,"(Conservative)"
"Bury South",6.82,"Labour Party","E08000002",77.5,"(Labour)"
"Bury St Edmunds",21.08,"Conservative and Unionist Party","E07000204",80.9,"(Conservative)"
"Bury St Edmunds",21.08,"Conservative and Unionist Party","E07000203",81,"(Conservative)"
"Calder Valley",12.42,"Conservative and Unionist Party","E08000033",77,"(Conservative)"
"Camberwell and Peckham",36.83,"Labour Party","E09000028",77.6,"(Labour)"
"Camborne and Redruth",0.159999999999997,"Conservative and Unionist Party","E06000052",79.2,"(Conservative)"
"Cambridge",13.55,"Liberal Democrats","E07000008",79.3,"(Liberal Democrat)"
"Cannock Chase",7.01,"Conservative and Unionist Party","E07000192",78,"(Conservative)"
"Canterbury",12.29,"Conservative and Unionist Party","E07000106",79.6,"(Conservative)"
"Carlisle",2.02,"Conservative and Unionist Party","E07000028",77.9,"(Conservative)"
"Carshalton and Wallington",11.45,"Liberal Democrats","E09000029",80,"(Liberal Democrat)"
"Castle Point",16.95,"Conservative and Unionist Party","E07000069",79.2,"(Conservative)"
"Central Devon",17.14,"Conservative and Unionist Party","E07000042",79.4,"(Conservative)"
"Central Devon",17.14,"Conservative and Unionist Party","E07000047",78.9,"(Conservative)"
"Central Devon",17.14,"Conservative and Unionist Party","E07000045",79.5,"(Conservative)"
"Central Devon",17.14,"Conservative and Unionist Party","E07000040",80.8,"(Conservative)"
"Central Suffolk and North Ipswich",25.81,"Conservative and Unionist Party","E07000202",78.7,"(Conservative)"
"Central Suffolk and North Ipswich",25.81,"Conservative and Unionist Party","E07000203",81,"(Conservative)"
"Central Suffolk and North Ipswich",25.81,"Conservative and Unionist Party","E07000205",80,"(Conservative)"
"Charnwood",28.07,"Conservative and Unionist Party","E07000129",80,"(Conservative)"
"Charnwood",28.07,"Conservative and Unionist Party","E07000132",79.6,"(Conservative)"
"Charnwood",28.07,"Conservative and Unionist Party","E07000130",79.1,"(Conservative)"
"Chatham and Aylesford",13.85,"Conservative and Unionist Party","E06000035",78.1,"(Conservative)"
"Chatham and Aylesford",13.85,"Conservative and Unionist Party","E07000115",80,"(Conservative)"
"Cheadle",6.23,"Liberal Democrats","E08000007",79.4,"(Liberal Democrat)"
"Chelmsford",9.36,"Conservative and Unionist Party","E07000070",80.3,"(Conservative)"
"Chelsea and Fulham",41.96,"Conservative and Unionist Party","E09000013",78.5,"(Conservative)"
"Chelsea and Fulham",41.96,"Conservative and Unionist Party","E09000020",81.5,"(Conservative)"
"Cheltenham",9.32,"Liberal Democrats","E07000078",80,"(Liberal Democrat)"
"Chesham and Amersham",31.87,"Conservative and Unionist Party","E07000005",81.3,"(Conservative)"
"Chesterfield",1.2,"Labour Party","E07000034",77.1,"(Labour)"
"Chichester",27.96,"Conservative and Unionist Party","E07000225",80.4,"(Conservative)"
"Chingford and Woodford Green",30.07,"Conservative and Unionist Party","E09000031",78.7,"(Conservative)"
"Chingford and Woodford Green",30.07,"Conservative and Unionist Party","E09000026",79.9,"(Conservative)"
"Chippenham",4.72,"Liberal Democrats","E06000054",80.1,"(Liberal Democrat)"
"Chipping Barnet",23.57,"Conservative and Unionist Party","E09000003",81.1,"(Conservative)"
"Chorley",5.20999999999999,"Labour Party","E07000118",78.4,"(Labour)"
"Christchurch",31.19,"Conservative and Unionist Party","E07000048",81.1,"(Conservative)"
"Christchurch",31.19,"Conservative and Unionist Party","E07000049",82.3,"(Conservative)"
"Cities of London and Westminster",29.99,"Conservative and Unionist Party","E09000033",80.6,"(Conservative)"
"City of Chester",5.52,"Conservative and Unionist Party","E06000050",78.8,"(Conservative)"
"City of Durham",6.63,"Labour Party","E06000047",77.6,"(Labour)"
"Clacton",27.99,"Conservative and Unionist Party","E07000076",77.4,"(UK Independence Party)"
"Cleethorpes",9.56,"Conservative and Unionist Party","E06000013",77.8,"(Conservative)"
"Cleethorpes",9.56,"Conservative and Unionist Party","E06000012",77.3,"(Conservative)"
"Colchester",15.13,"Liberal Democrats","E07000071",79.2,"(Liberal Democrat)"
"Colne Valley",8.74,"Conservative and Unionist Party","E08000034",77.9,"(Conservative)"
"Congleton",13.91,"Conservative and Unionist Party","E06000049",80.1,"(Conservative)"
"Copeland",8.96,"Labour Party","E07000029",76.8,"(Labour)"
"Copeland",8.96,"Labour Party","E07000026",77.5,"(Labour)"
"Corby",3.5,"Conservative and Unionist Party","E07000150",76.4,"(Labour (Co-op))"
"Corby",3.5,"Conservative and Unionist Party","E07000152",79.3,"(Labour (Co-op))"
"Coventry North East",27.14,"Labour Party","E08000026",77.7,"(Labour)"
"Coventry North West",13.51,"Labour Party","E08000026",77.7,"(Labour)"
"Coventry South",8.37,"Labour Party","E08000026",77.7,"(Labour)"
"Crawley",12.48,"Conservative and Unionist Party","E07000226",78.8,"(Conservative)"
"Crewe and Nantwich",11.84,"Conservative and Unionist Party","E06000049",80.1,"(Conservative)"
"Croydon Central",5.8,"Conservative and Unionist Party","E09000008",78.9,"(Conservative)"
"Croydon North",31.9,"Labour Party","E09000008",78.9,"(Labour)"
"Croydon South",28.09,"Conservative and Unionist Party","E09000008",78.9,"(Conservative)"
"Dagenham and Rainham",5.94,"Labour Party","E09000016",78.9,"(Labour)"
"Dagenham and Rainham",5.94,"Labour Party","E09000002",77.1,"(Labour)"
"Darlington",7.9,"Labour Party","E06000005",78.1,"(Labour)"
"Dartford",21.22,"Conservative and Unionist Party","E07000107",78.5,"(Conservative)"
"Dartford",21.22,"Conservative and Unionist Party","E07000111",80.9,"(Conservative)"
"Daventry",37.06,"Conservative and Unionist Party","E07000156",79.3,"(Conservative)"
"Daventry",37.06,"Conservative and Unionist Party","E07000151",78.8,"(Conservative)"
"Daventry",37.06,"Conservative and Unionist Party","E07000155",81.5,"(Conservative)"
"Denton and Reddish",26.12,"Labour Party","E08000007",79.4,"(Labour)"
"Denton and Reddish",26.12,"Labour Party","E08000008",75.8,"(Labour)"
"Derby North",1.36,"Labour Party","E06000015",78.1,"(Labour)"
"Derby South",14.86,"Labour Party","E06000015",78.1,"(Labour)"
"Derbyshire Dales",29.64,"Conservative and Unionist Party","E07000035",80.3,"(Conservative)"
"Derbyshire Dales",29.64,"Conservative and Unionist Party","E07000032",78.6,"(Conservative)"
"Devizes",28.07,"Conservative and Unionist Party","E06000054",80.1,"(Conservative)"
"Dewsbury",2.82,"Conservative and Unionist Party","E08000034",77.9,"(Conservative)"
"Don Valley",8.28,"Labour Party","E08000017",77.1,"(Labour)"
"Doncaster Central",14.92,"Labour Party","E08000017",77.1,"(Labour)"
"Doncaster North",26.3,"Labour Party","E08000017",77.1,"(Labour)"
"Dover",10.47,"Conservative and Unionist Party","E07000108",78.6,"(Conservative)"
"Dudley North",1.68,"Labour Party","E08000027",78.5,"(Labour)"
"Dudley South",10.1,"Conservative and Unionist Party","E08000027",78.5,"(Conservative)"
"Dulwich and West Norwood",19.43,"Labour Party","E09000022",77.8,"(Labour)"
"Dulwich and West Norwood",19.43,"Labour Party","E09000028",77.6,"(Labour)"
"Ealing Central and Acton",7.88,"Conservative and Unionist Party","E09000009",78.8,"(Conservative)"
"Ealing North",19.51,"Labour Party","E09000009",78.8,"(Labour)"
"Easington",42.91,"Labour Party","E06000047",77.6,"(Labour)"
"East Devon",17.16,"Conservative and Unionist Party","E07000041",79.2,"(Conservative)"
"East Devon",17.16,"Conservative and Unionist Party","E07000040",80.8,"(Conservative)"
"East Ham",55.24,"Labour Party","E09000025",77.3,"(Labour)"
"East Hampshire",26.3,"Conservative and Unionist Party","E07000085",80.6,"(Conservative)"
"East Surrey",30.88,"Conservative and Unionist Party","E07000211",80.3,"(Conservative)"
"East Surrey",30.88,"Conservative and Unionist Party","E07000215",80,"(Conservative)"
"East Worthing and Shoreham",22.95,"Conservative and Unionist Party","E07000229",78.1,"(Conservative)"
"East Worthing and Shoreham",22.95,"Conservative and Unionist Party","E07000223",79.5,"(Conservative)"
"East Yorkshire",26.32,"Conservative and Unionist Party","E06000011",79.2,"(Conservative)"
"Eastbourne",6.59,"Liberal Democrats","E07000065",80.4,"(Liberal Democrat)"
"Eastbourne",6.59,"Liberal Democrats","E07000061",78.1,"(Liberal Democrat)"
"Eastleigh",7.2,"Liberal Democrats","E07000086",81,"(Liberal Democrat)"
"Eddisbury",29.18,"Conservative and Unionist Party","E06000050",78.8,"(Conservative)"
"Eddisbury",29.18,"Conservative and Unionist Party","E06000049",80.1,"(Conservative)"
"Edmonton",23.81,"Labour Party/Co-operative Party","E09000010",80.1,"(Labour (Co-op))"
"Ellesmere Port and Neston",9.79,"Labour Party","E06000050",78.8,"(Labour)"
"Elmet and Rothwell",8.09999999999999,"Conservative and Unionist Party","E08000035",77.8,"(Conservative)"
"Eltham",3.96,"Labour Party","E09000011",78,"(Labour)"
"Enfield North",3.81,"Conservative and Unionist Party","E09000010",80.1,"(Conservative)"
"Epping Forest",32.48,"Conservative and Unionist Party","E07000072",79.7,"(Conservative)"
"Epsom and Ewell",29.36,"Conservative and Unionist Party","E07000208",81.3,"(Conservative)"
"Epsom and Ewell",29.36,"Conservative and Unionist Party","E07000210",81,"(Conservative)"
"Epsom and Ewell",29.36,"Conservative and Unionist Party","E07000211",80.3,"(Conservative)"
"Erewash",5.25,"Conservative and Unionist Party","E07000036",79.3,"(Conservative)"
"Erith and Thamesmead",13.43,"Labour Party","E09000004",79.9,"(Labour)"
"Erith and Thamesmead",13.43,"Labour Party","E09000011",78,"(Labour)"
"Esher and Walton",34.08,"Conservative and Unionist Party","E07000207",81,"(Conservative)"
"Exeter",5.21,"Labour Party","E07000041",79.2,"(Labour)"
"Fareham",31.45,"Conservative and Unionist Party","E07000087",80.3,"(Conservative)"
"Faversham and Mid Kent",36.59,"Conservative and Unionist Party","E07000110",79.4,"(Conservative)"
"Faversham and Mid Kent",36.59,"Conservative and Unionist Party","E07000113",78.8,"(Conservative)"
"Feltham and Heston",9.6,"Labour Party/Co-operative Party","E09000018",79,"(Labour (Co-op))"
"Filton and Bradley Stoke",14.32,"Conservative and Unionist Party","E06000025",80.6,"(Conservative)"
"Finchley and Golders Green",12.32,"Conservative and Unionist Party","E09000003",81.1,"(Conservative)"
"Folkestone and Hythe",19.17,"Conservative and Unionist Party","E07000112",78.7,"(Conservative)"
"Folkestone and Hythe",19.17,"Conservative and Unionist Party","E07000105",80.7,"(Conservative)"
"Forest of Dean",22.69,"Conservative and Unionist Party","E07000080",78.9,"(Conservative)"
"Forest of Dean",22.69,"Conservative and Unionist Party","E07000083",79.5,"(Conservative)"
"Fylde",30.18,"Conservative and Unionist Party","E07000119",78.3,"(Conservative)"
"Fylde",30.18,"Conservative and Unionist Party","E07000123",76.8,"(Conservative)"
"Gainsborough",21.44,"Conservative and Unionist Party","E07000142",78.7,"(Conservative)"
"Gainsborough",21.44,"Conservative and Unionist Party","E07000137",77.2,"(Conservative)"
"Garston and Halewood",39.41,"Labour Party","E08000012",75.7,"(Labour)"
"Garston and Halewood",39.41,"Labour Party","E08000011",76,"(Labour)"
"Gateshead",32.8,"Labour Party","E08000020",76.7,"(Labour)"
"Gedling",3.86,"Labour Party","E07000173",79.9,"(Labour)"
"Gillingham and Rainham",18.55,"Conservative and Unionist Party","E06000035",78.1,"(Conservative)"
"Gloucester",4.76000000000001,"Conservative and Unionist Party","E07000081",77.4,"(Conservative)"
"Gosport",30.71,"Conservative and Unionist Party","E07000088",78.4,"(Conservative)"
"Gosport",30.71,"Conservative and Unionist Party","E07000087",80.3,"(Conservative)"
"Grantham and Stamford",28.08,"Conservative and Unionist Party","E07000141",79.6,"(Conservative)"
"Gravesham",19.69,"Conservative and Unionist Party","E07000109",78.9,"(Conservative)"
"Great Grimsby",2.16,"Labour Party","E06000012",77.3,"(Labour)"
"Great Yarmouth",9.93,"Conservative and Unionist Party","E07000145",77.3,"(Conservative)"
"Greenwich and Woolwich",24.65,"Labour Party","E09000011",78,"(Labour)"
"Guildford",14,"Conservative and Unionist Party","E07000216",81.4,"(Conservative)"
"Guildford",14,"Conservative and Unionist Party","E07000209",81.5,"(Conservative)"
"Hackney North and Stoke Newington",31.13,"Labour Party","E09000012",77.1,"(Labour)"
"Hackney South and Shoreditch",33.34,"Labour Party/Co-operative Party","E09000012",77.1,"(Labour (Co-op))"
"Halesowen and Rowley Regis",4.59999999999999,"Conservative and Unionist Party","E08000028",76.4,"(Conservative)"
"Halesowen and Rowley Regis",4.59999999999999,"Conservative and Unionist Party","E08000027",78.5,"(Conservative)"
"Halifax",3.38,"Labour Party/Co-operative Party","E08000033",77,"(Labour (Co-op))"
"Haltemprice and Howden",23.8,"Conservative and Unionist Party","E06000011",79.2,"(Conservative)"
"Halton",37.51,"Labour Party","E06000006",76.5,"(Labour)"
"Hammersmith",7.47,"Labour Party","E09000013",78.5,"(Labour)"
"Hampstead and Kilburn",0.0800000000000054,"Labour Party","E09000005",79.5,"(Labour)"
"Hampstead and Kilburn",0.0800000000000054,"Labour Party","E09000007",80,"(Labour)"
"Harborough",17.83,"Conservative and Unionist Party","E07000131",79.6,"(Conservative)"
"Harborough",17.83,"Conservative and Unionist Party","E07000135",79.3,"(Conservative)"
"Harlow",11.23,"Conservative and Unionist Party","E07000072",79.7,"(Conservative)"
"Harlow",11.23,"Conservative and Unionist Party","E07000073",77.4,"(Conservative)"
"Harrogate and Knaresborough",1.95,"Conservative and Unionist Party","E07000165",80.1,"(Conservative)"
"Harrow East",7.09,"Conservative and Unionist Party","E09000015",81.6,"(Conservative)"
"Harrow West",6.82,"Labour Party/Co-operative Party","E09000015",81.6,"(Labour (Co-op))"
"Hartlepool",14.41,"Labour Party","E06000001",76.7,"(Labour)"
"Harwich and North Essex",23.36,"Conservative and Unionist Party","E07000071",79.2,"(Conservative)"
"Harwich and North Essex",23.36,"Conservative and Unionist Party","E07000076",77.4,"(Conservative)"
"Hastings and Rye",4,"Conservative and Unionist Party","E07000064",79.4,"(Conservative)"
"Hastings and Rye",4,"Conservative and Unionist Party","E07000062",76.8,"(Conservative)"
"Havant",27.7,"Conservative and Unionist Party","E07000090",79,"(Conservative)"
"Hayes and Harlington",25.39,"Labour Party","E09000017",79.5,"(Labour)"
"Hazel Grove",15.18,"Liberal Democrats","E08000007",79.4,"(Liberal Democrat)"
"Hemel Hempstead",27.1,"Conservative and Unionist Party","E07000096",79.7,"(Conservative)"
"Hemsworth",22.45,"Labour Party","E08000036",77.4,"(Labour)"
"Hendon",0.230000000000004,"Conservative and Unionist Party","E09000003",81.1,"(Conservative)"
"Henley",30.99,"Conservative and Unionist Party","E07000179",80.5,"(Conservative)"
"Henley",30.99,"Conservative and Unionist Party","E07000177",79.6,"(Conservative)"
"Hereford and South Herefordshire",5.13,"Conservative and Unionist Party","E06000019",79.2,"(Conservative)"
"Hertford and Stortford",27.88,"Conservative and Unionist Party","E07000097",80.5,"(Conservative)"
"Hertsmere",37.24,"Conservative and Unionist Party","E07000098",80,"(Conservative)"
"Hexham",13.31,"Conservative and Unionist Party","E06000048",78.4,"(Conservative)"
"Heywood and Middleton",12.95,"Labour Party/Co-operative Party","E08000005",76.3,"(Labour)"
"High Peak",9.29,"Conservative and Unionist Party","E07000037",79.3,"(Conservative)"
"Hitchin and Harpenden",27.92,"Conservative and Unionist Party","E07000100",81.2,"(Conservative)"
"Hitchin and Harpenden",27.92,"Conservative and Unionist Party","E07000099",79.4,"(Conservative)"
"Holborn and St Pancras",18.19,"Labour Party","E09000007",80,"(Labour)"
"Hornchurch and Upminster",30.66,"Conservative and Unionist Party","E09000016",78.9,"(Conservative)"
"Hornsey and Wood Green",12.49,"Liberal Democrats","E09000014",78.9,"(Liberal Democrat)"
"Horsham",20.52,"Conservative and Unionist Party","E07000228",81.4,"(Conservative)"
"Horsham",20.52,"Conservative and Unionist Party","E07000227",80.9,"(Conservative)"
"Houghton and Sunderland South",28.9,"Labour Party","E08000024",76.6,"(Labour)"
"Hove",3.75,"Conservative and Unionist Party","E06000043",78.2,"(Conservative)"
"Huddersfield",11.03,"Labour Party/Co-operative Party","E08000034",77.9,"(Labour (Co-op))"
"Huntingdon",19.93,"Conservative and Unionist Party","E07000011",80.4,"(Conservative)"
"Hyndburn",7.23999999999999,"Labour Party","E07000120",75.7,"(Labour)"
"Hyndburn",7.23999999999999,"Labour Party","E07000125",76.9,"(Labour)"
"Ilford North",11.49,"Conservative and Unionist Party","E09000026",79.9,"(Conservative)"
"Ilford South",22.04,"Labour Party/Co-operative Party","E09000026",79.9,"(Labour (Co-op))"
"Ipswich",4.43,"Conservative and Unionist Party","E07000202",78.7,"(Conservative)"
"Isle of Wight",14.99,"Conservative and Unionist Party","E06000046",79.4,"(Conservative)"
"Islington North",27.84,"Labour Party","E09000019",77.3,"(Labour)"
"Islington South and Finsbury",8.19,"Labour Party","E09000019",77.3,"(Labour)"
"Jarrow",33.28,"Labour Party","E08000020",76.7,"(Labour)"
"Jarrow",33.28,"Labour Party","E08000023",76.2,"(Labour)"
"Keighley",6.16,"Conservative and Unionist Party","E08000032",77.2,"(Conservative)"
"Kenilworth and Southam",25.92,"Conservative and Unionist Party","E07000222",79.9,"(Conservative)"
"Kenilworth and Southam",25.92,"Conservative and Unionist Party","E07000221",80.3,"(Conservative)"
"Kenilworth and Southam",25.92,"Conservative and Unionist Party","E07000220",79.6,"(Conservative)"
"Kensington",24.52,"Conservative and Unionist Party","E09000020",81.5,"(Independent)"
"Kettering",19.22,"Conservative and Unionist Party","E07000153",78.5,"(Conservative)"
"Kingston and Surbiton",13.24,"Liberal Democrats","E09000021",80.8,"(Liberal Democrat)"
"Kingston upon Hull East",25.15,"Labour Party","E06000010",76.2,"(Labour)"
"Kingston upon Hull North",1.92,"Labour Party","E06000010",76.2,"(Labour)"
"Kingston upon Hull West and Hessle",18.22,"Labour Party","E06000010",76.2,"(Labour)"
"Kingston upon Hull West and Hessle",18.22,"Labour Party","E06000011",79.2,"(Labour)"
"Kingswood",5.11,"Conservative and Unionist Party","E06000025",80.6,"(Conservative)"
"Knowsley",57.52,"Labour Party","E08000011",76,"(Labour)"
"Lancaster and Fleetwood",0.780000000000001,"Conservative and Unionist Party","E07000128",77.5,"(Conservative)"
"Lancaster and Fleetwood",0.780000000000001,"Conservative and Unionist Party","E07000121",76.8,"(Conservative)"
"Leeds Central",28.47,"Labour Party","E08000035",77.8,"(Labour)"
"Leeds East",27.23,"Labour Party","E08000035",77.8,"(Labour)"
"Leeds North East",9.56,"Labour Party","E08000035",77.8,"(Labour)"
"Leeds North West",20.94,"Liberal Democrats","E08000035",77.8,"(Liberal Democrat)"
"Leeds West",18.1,"Labour Party","E08000035",77.8,"(Labour)"
"Leicester East",29.34,"Labour Party","E06000016",76.6,"(Labour)"
"Leicester South",18.69,"Labour Party","E06000016",76.6,"(Labour)"
"Leicester West",11.21,"Labour Party","E06000016",76.6,"(Labour)"
"Leigh",27.1,"Labour Party","E08000010",77,"(Labour)"
"Lewes",15.26,"Liberal Democrats","E07000065",80.4,"(Liberal Democrat)"
"Lewes",15.26,"Liberal Democrats","E07000063",80.3,"(Liberal Democrat)"
"Lewisham East",14.9,"Labour Party","E09000023",77.8,"(Labour)"
"Lewisham West and Penge",12.95,"Labour Party","E09000006",80.6,"(Labour)"
"Lewisham West and Penge",12.95,"Labour Party","E09000023",77.8,"(Labour)"
"Leyton and Wanstead",15.97,"Labour Party","E09000026",79.9,"(Labour)"
"Leyton and Wanstead",15.97,"Labour Party","E09000031",78.7,"(Labour)"
"Lichfield",34.3,"Conservative and Unionist Party","E07000194",79.2,"(Conservative)"
"Lichfield",34.3,"Conservative and Unionist Party","E07000193",77.8,"(Conservative)"
"Lincoln",2.32,"Conservative and Unionist Party","E07000138",76.9,"(Conservative)"
"Lincoln",2.32,"Conservative and Unionist Party","E07000139",80.1,"(Conservative)"
"Loughborough",7.08,"Conservative and Unionist Party","E07000130",79.1,"(Conservative)"
"Louth and Horncastle",27.47,"Conservative and Unionist Party","E07000137",77.2,"(Conservative)"
"Ludlow",20.01,"Conservative and Unionist Party","E06000051",79.5,"(Conservative)"
"Luton North",17.48,"Labour Party","E06000032",77.4,"(Labour)"
"Luton South",5.52,"Labour Party/Co-operative Party","E06000056",80.1,"(Labour (Co-op))"
"Luton South",5.52,"Labour Party/Co-operative Party","E06000032",77.4,"(Labour (Co-op))"
"Macclesfield",23.89,"Conservative and Unionist Party","E06000049",80.1,"(Conservative)"
"Maidenhead",31.21,"Conservative and Unionist Party","E06000041",81,"(Conservative)"
"Maidenhead",31.21,"Conservative and Unionist Party","E06000040",80.5,"(Conservative)"
"Maidstone and The Weald",12.03,"Conservative and Unionist Party","E07000110",79.4,"(Conservative)"
"Maidstone and The Weald",12.03,"Conservative and Unionist Party","E07000116",80.9,"(Conservative)"
"Makerfield",28.53,"Labour Party","E08000010",77,"(Labour)"
"Maldon",40.52,"Conservative and Unionist Party","E07000070",80.3,"(Conservative)"
"Maldon",40.52,"Conservative and Unionist Party","E07000074",79.7,"(Conservative)"
"Manchester Central",26.14,"Labour Party","E08000003",74.5,"(Labour)"
"Mansfield",12.42,"Labour Party","E07000174",77.6,"(Labour)"
"Meon Valley",23.66,"Conservative and Unionist Party","E07000085",80.6,"(Conservative)"
"Meon Valley",23.66,"Conservative and Unionist Party","E07000090",79,"(Conservative)"
"Meon Valley",23.66,"Conservative and Unionist Party","E07000094",81.4,"(Conservative)"
"Meriden",31.16,"Conservative and Unionist Party","E08000029",80.2,"(Conservative)"
"Mid Bedfordshire",27.6,"Conservative and Unionist Party","E06000056",80.1,"(Conservative)"
"Mid Bedfordshire",27.6,"Conservative and Unionist Party","E06000055",78.8,"(Conservative)"
"Mid Derbyshire",23.85,"Conservative and Unionist Party","E07000036",79.3,"(Conservative)"
"Mid Derbyshire",23.85,"Conservative and Unionist Party","E06000015",78.1,"(Conservative)"
"Mid Derbyshire",23.85,"Conservative and Unionist Party","E07000032",78.6,"(Conservative)"
"Mid Dorset and North Poole",0.579999999999998,"Liberal Democrats","E07000049",82.3,"(Liberal Democrat)"
"Mid Dorset and North Poole",0.579999999999998,"Liberal Democrats","E07000051",79.7,"(Liberal Democrat)"
"Mid Dorset and North Poole",0.579999999999998,"Liberal Democrats","E06000029",79.6,"(Liberal Democrat)"
"Mid Norfolk",27.3,"Conservative and Unionist Party","E07000149",80.8,"(Conservative)"
"Mid Norfolk",27.3,"Conservative and Unionist Party","E07000143",79.5,"(Conservative)"
"Mid Sussex",13.25,"Conservative and Unionist Party","E07000228",81.4,"(Conservative)"
"Mid Worcestershire",31.14,"Conservative and Unionist Party","E07000238",80.1,"(Conservative)"
"Middlesbrough",25.98,"Labour Party","E06000002",75.7,"(Labour)"
"Middlesbrough South and East Cleveland",3.63,"Labour Party","E06000003",78.1,"(Labour)"
"Middlesbrough South and East Cleveland",3.63,"Labour Party","E06000002",75.7,"(Labour)"
"Milton Keynes North",16.63,"Conservative and Unionist Party","E06000042",78.3,"(Conservative)"
"Milton Keynes South",9.40000000000001,"Conservative and Unionist Party","E06000042",78.3,"(Conservative)"
"Mitcham and Morden",31.21,"Labour Party","E09000024",79.7,"(Labour)"
"Mole Valley",28.82,"Conservative and Unionist Party","E07000209",81.5,"(Conservative)"
"Mole Valley",28.82,"Conservative and Unionist Party","E07000210",81,"(Conservative)"
"Morecambe and Lunesdale",1.99,"Conservative and Unionist Party","E07000121",76.8,"(Conservative)"
"Morley and Outwood",2.25,"Labour Party/Co-operative Party","E08000035",77.8,"(Labour (Co-op))"
"Morley and Outwood",2.25,"Labour Party/Co-operative Party","E08000036",77.4,"(Labour (Co-op))"
"New Forest East",22.6,"Conservative and Unionist Party","E07000091",81.4,"(Conservative)"
"New Forest West",35.52,"Conservative and Unionist Party","E07000091",81.4,"(Conservative)"
"Newark",31.53,"Conservative and Unionist Party","E07000171",77.9,"(Conservative)"
"Newark",31.53,"Conservative and Unionist Party","E07000176",80.3,"(Conservative)"
"Newark",31.53,"Conservative and Unionist Party","E07000175",78.7,"(Conservative)"
"Newbury",20.9,"Conservative and Unionist Party","E06000037",80.3,"(Conservative)"
"Newcastle upon Tyne Central",21.86,"Labour Party","E08000021",77.1,"(Labour)"
"Newcastle upon Tyne East",11.77,"Labour Party","E08000021",77.1,"(Labour)"
"Newcastle upon Tyne North",7.77,"Labour Party","E08000021",77.1,"(Labour)"
"Newcastle-under-Lyme",3.59,"Labour Party","E07000195",78.3,"(Labour)"
"Newton Abbot",1.09,"Conservative and Unionist Party","E07000045",79.5,"(Conservative)"
"North Cornwall",6.37,"Liberal Democrats","E06000052",79.2,"(Liberal Democrat)"
"North Devon",11.34,"Liberal Democrats","E07000043",79,"(Liberal Democrat)"
"North Dorset",14.08,"Conservative and Unionist Party","E07000049",82.3,"(Conservative)"
"North Dorset",14.08,"Conservative and Unionist Party","E07000050",80.8,"(Conservative)"
"North Durham",29.47,"Labour Party","E06000047",77.6,"(Labour)"
"North East Bedfordshire",34.09,"Conservative and Unionist Party","E06000056",80.1,"(Conservative)"
"North East Bedfordshire",34.09,"Conservative and Unionist Party","E06000055",78.8,"(Conservative)"
"North East Cambridgeshire",31.54,"Conservative and Unionist Party","E07000009",80.8,"(Conservative)"
"North East Cambridgeshire",31.54,"Conservative and Unionist Party","E07000010",78.4,"(Conservative)"
"North East Derbyshire",5.2,"Labour Party","E07000034",77.1,"(Labour)"
"North East Derbyshire",5.2,"Labour Party","E07000038",79,"(Labour)"
"North East Hampshire",35.13,"Conservative and Unionist Party","E07000089",82.2,"(Conservative)"
"North East Hampshire",35.13,"Conservative and Unionist Party","E07000084",80.3,"(Conservative)"
"North East Hertfordshire",30.13,"Conservative and Unionist Party","E07000099",79.4,"(Conservative)"
"North East Hertfordshire",30.13,"Conservative and Unionist Party","E07000097",80.5,"(Conservative)"
"North East Somerset",9.6,"Conservative and Unionist Party","E06000022",80.1,"(Conservative)"
"North Herefordshire",20.78,"Conservative and Unionist Party","E06000019",79.2,"(Conservative)"
"North Norfolk",23.41,"Liberal Democrats","E07000147",79.8,"(Liberal Democrat)"
"North Shropshire",30.51,"Conservative and Unionist Party","E06000051",79.5,"(Conservative)"
"North Somerset",13.57,"Conservative and Unionist Party","E06000024",79.1,"(Conservative)"
"North Swindon",14.03,"Conservative and Unionist Party","E06000030",78.8,"(Conservative)"
"North Thanet",31.21,"Conservative and Unionist Party","E07000114",77,"(Conservative)"
"North Thanet",31.21,"Conservative and Unionist Party","E07000106",79.6,"(Conservative)"
"North Tyneside",27.76,"Labour Party","E08000022",77.7,"(Labour)"
"North Warwickshire",0.109999999999999,"Conservative and Unionist Party","E07000218",77.9,"(Conservative)"
"North Warwickshire",0.109999999999999,"Conservative and Unionist Party","E07000219",77.6,"(Conservative)"
"North West Cambridgeshire",28.62,"Conservative and Unionist Party","E07000011",80.4,"(Conservative)"
"North West Cambridgeshire",28.62,"Conservative and Unionist Party","E06000031",77.4,"(Conservative)"
"North West Durham",17.37,"Labour Party","E06000047",77.6,"(Labour)"
"North West Hampshire",34.87,"Conservative and Unionist Party","E07000093",80.2,"(Conservative)"
"North West Hampshire",34.87,"Conservative and Unionist Party","E07000084",80.3,"(Conservative)"
"North West Leicestershire",14.45,"Conservative and Unionist Party","E07000134",78.7,"(Conservative)"
"North West Norfolk",30.99,"Conservative and Unionist Party","E07000146",79,"(Conservative)"
"North Wiltshire",15.37,"Conservative and Unionist Party","E06000054",80.1,"(Conservative)"
"Northampton North",4.81,"Conservative and Unionist Party","E07000154",76.9,"(Conservative)"
"Northampton South",15.41,"Conservative and Unionist Party","E07000154",76.9,"(Conservative)"
"Norwich North",9.16,"Conservative and Unionist Party","E07000148",78.3,"(Conservative)"
"Norwich North",9.16,"Conservative and Unionist Party","E07000144",80.9,"(Conservative)"
"Norwich South",0.649999999999999,"Liberal Democrats","E07000149",80.8,"(Liberal Democrat)"
"Norwich South",0.649999999999999,"Liberal Democrats","E07000148",78.3,"(Liberal Democrat)"
"Nottingham East",21.05,"Labour Party/Co-operative Party","E06000018",76.5,"(Labour (Co-op))"
"Nottingham North",23.73,"Labour Party","E06000018",76.5,"(Labour)"
"Nottingham South",4.35,"Labour Party","E06000018",76.5,"(Labour)"
"Nuneaton",4.64,"Conservative and Unionist Party","E07000218",77.9,"(Conservative)"
"Nuneaton",4.64,"Conservative and Unionist Party","E07000219",77.6,"(Conservative)"
"Old Bexley and Sidcup",34.86,"Conservative and Unionist Party","E09000004",79.9,"(Conservative)"
"Oldham East and Saddleworth",0.23,"Labour Party","E08000004",76.6,"(Labour)"
"Oldham West and Royton",21.79,"Labour Party","E08000004",76.6,"(Labour)"
"Orpington",35.17,"Conservative and Unionist Party","E09000006",80.6,"(Conservative)"
"Oxford East",8.87,"Labour Party","E07000178",78.3,"(Labour)"
"Oxford West and Abingdon",0.32,"Conservative and Unionist Party","E07000180",80.8,"(Conservative)"
"Oxford West and Abingdon",0.32,"Conservative and Unionist Party","E07000177",79.6,"(Conservative)"
"Oxford West and Abingdon",0.32,"Conservative and Unionist Party","E07000178",78.3,"(Conservative)"
"Pendle",7.96,"Conservative and Unionist Party","E07000122",77.1,"(Conservative)"
"Penistone and Stocksbridge",6.55,"Labour Party","E08000019",78.4,"(Labour)"
"Penistone and Stocksbridge",6.55,"Labour Party","E08000016",77.4,"(Labour)"
"Penrith and The Border",24.93,"Conservative and Unionist Party","E07000028",77.9,"(Conservative)"
"Penrith and The Border",24.93,"Conservative and Unionist Party","E07000030",79.4,"(Conservative)"
"Penrith and The Border",24.93,"Conservative and Unionist Party","E07000026",77.5,"(Conservative)"
"Peterborough",10.82,"Conservative and Unionist Party","E06000031",77.4,"(Conservative)"
"Poole",15.9,"Conservative and Unionist Party","E06000029",79.6,"(Conservative)"
"Poplar and Limehouse",12.91,"Labour Party","E09000030",76.5,"(Labour)"
"Portsmouth North",16.52,"Conservative and Unionist Party","E06000044",77.7,"(Conservative)"
"Portsmouth South",12.6,"Liberal Democrats","E06000044",77.7,"(Independent)"
"Preston",23.79,"Labour Party/Co-operative Party","E07000123",76.8,"(Labour (Co-op))"
"Pudsey",3.38,"Conservative and Unionist Party","E08000035",77.8,"(Conservative)"
"Putney",24.65,"Conservative and Unionist Party","E09000032",78.7,"(Conservative)"
"Rayleigh and Wickford",42.68,"Conservative and Unionist Party","E07000075",80.5,"(Conservative)"
"Rayleigh and Wickford",42.68,"Conservative and Unionist Party","E07000066",79,"(Conservative)"
"Reading East",15.21,"Conservative and Unionist Party","E06000038",77.8,"(Conservative)"
"Reading East",15.21,"Conservative and Unionist Party","E06000041",81,"(Conservative)"
"Reading West",12.63,"Conservative and Unionist Party","E06000038",77.8,"(Conservative)"
"Reading West",12.63,"Conservative and Unionist Party","E06000037",80.3,"(Conservative)"
"Redcar",12.42,"Liberal Democrats","E06000003",78.1,"(Liberal Democrat)"
"Redditch",13.23,"Conservative and Unionist Party","E07000236",78.2,"(Conservative)"
"Redditch",13.23,"Conservative and Unionist Party","E07000238",80.1,"(Conservative)"
"Reigate",27.19,"Conservative and Unionist Party","E07000211",80.3,"(Conservative)"
"Ribble Valley",28.25,"Conservative and Unionist Party","E07000126",79.5,"(Conservative)"
"Ribble Valley",28.25,"Conservative and Unionist Party","E07000124",79.6,"(Conservative)"
"Richmond (Yorks)",43.69,"Conservative and Unionist Party","E07000166",79.3,"(Conservative)"
"Richmond (Yorks)",43.69,"Conservative and Unionist Party","E07000164",80.6,"(Conservative)"
"Richmond Park",6.9,"Conservative and Unionist Party","E09000021",80.8,"(Conservative)"
"Richmond Park",6.9,"Conservative and Unionist Party","E09000027",81.2,"(Conservative)"
"Rochdale",1.94,"Labour Party","E08000005",76.3,"(Labour)"
"Rochester and Strood",20.74,"Conservative and Unionist Party","E06000035",78.1,"(UK Independence Party)"
"Rochford and Southend East",26.54,"Conservative and Unionist Party","E07000075",80.5,"(Conservative)"
"Rochford and Southend East",26.54,"Conservative and Unionist Party","E06000033",79.2,"(Conservative)"
"Romford",36.47,"Conservative and Unionist Party","E09000016",78.9,"(Conservative)"
"Romsey and Southampton North",8.5,"Conservative and Unionist Party","E07000093",80.2,"(Conservative)"
"Romsey and Southampton North",8.5,"Conservative and Unionist Party","E06000045",78.1,"(Conservative)"
"Rossendale and Darwen",9.53,"Conservative and Unionist Party","E07000125",76.9,"(Conservative)"
"Rossendale and Darwen",9.53,"Conservative and Unionist Party","E06000008",75.9,"(Conservative)"
"Rother Valley",12.55,"Labour Party","E08000018",77.6,"(Labour)"
"Rotherham",27.9,"Labour Party","E08000018",77.6,"(Labour)"
"Rugby",12.64,"Conservative and Unionist Party","E07000219",77.6,"(Conservative)"
"Rugby",12.64,"Conservative and Unionist Party","E07000220",79.6,"(Conservative)"
"Runnymede and Weybridge",34.29,"Conservative and Unionist Party","E07000212",80.3,"(Conservative)"
"Runnymede and Weybridge",34.29,"Conservative and Unionist Party","E07000207",81,"(Conservative)"
"Rushcliffe",29.45,"Conservative and Unionist Party","E07000176",80.3,"(Conservative)"
"Rutland and Melton",25.35,"Conservative and Unionist Party","E07000131",79.6,"(Conservative)"
"Rutland and Melton",25.35,"Conservative and Unionist Party","E06000017",79.9,"(Conservative)"
"Rutland and Melton",25.35,"Conservative and Unionist Party","E07000133",79.2,"(Conservative)"
"Saffron Walden",28.03,"Conservative and Unionist Party","E07000070",80.3,"(Conservative)"
"Saffron Walden",28.03,"Conservative and Unionist Party","E07000077",81.1,"(Conservative)"
"Salford and Eccles",13.78,"Labour Party","E08000006",75.6,"(Labour)"
"Salisbury",12.3,"Conservative and Unionist Party","E06000054",80.1,"(Conservative)"
"Scarborough and Whitby",16.5,"Conservative and Unionist Party","E07000168",77.2,"(Conservative)"
"Scunthorpe",6.88,"Labour Party","E06000013",77.8,"(Labour)"
"Sedgefield",21.62,"Labour Party","E06000047",77.6,"(Labour)"
"Sedgefield",21.62,"Labour Party","E06000005",78.1,"(Labour)"
"Sefton Central",7.97,"Labour Party","E08000014",77.1,"(Labour)"
"Selby and Ainsty",23.71,"Conservative and Unionist Party","E07000165",80.1,"(Conservative)"
"Selby and Ainsty",23.71,"Conservative and Unionist Party","E07000169",78.7,"(Conservative)"
"Sevenoaks",35.44,"Conservative and Unionist Party","E07000111",80.9,"(Conservative)"
"Sheffield Central",0.399999999999999,"Labour Party","E08000019",78.4,"(Labour)"
"Sheffield South East",25.37,"Labour Party","E08000019",78.4,"(Labour)"
"Sherwood",0.43,"Conservative and Unionist Party","E07000175",78.7,"(Conservative)"
"Sherwood",0.43,"Conservative and Unionist Party","E07000173",79.9,"(Conservative)"
"Sherwood",0.43,"Conservative and Unionist Party","E07000170",77,"(Conservative)"
"Shipley",20.12,"Conservative and Unionist Party","E08000032",77.2,"(Conservative)"
"Shrewsbury and Atcham",14.98,"Conservative and Unionist Party","E06000051",79.5,"(Conservative)"
"Sittingbourne and Sheppey",25.49,"Conservative and Unionist Party","E07000113",78.8,"(Conservative)"
"Skipton and Ripon",18.18,"Conservative and Unionist Party","E07000165",80.1,"(Conservative)"
"Skipton and Ripon",18.18,"Conservative and Unionist Party","E07000163",79.7,"(Conservative)"
"Sleaford and North Hykeham",33.43,"Conservative and Unionist Party","E07000139",80.1,"(Conservative)"
"Sleaford and North Hykeham",33.43,"Conservative and Unionist Party","E07000141",79.6,"(Conservative)"
"Slough",11.57,"Labour Party","E06000039",77.8,"(Labour)"
"Solihull",0.32,"Liberal Democrats","E08000029",80.2,"(Liberal Democrat)"
"Somerton and Frome",2.99,"Liberal Democrats","E07000189",80.3,"(Liberal Democrat)"
"Somerton and Frome",2.99,"Liberal Democrats","E07000187",79.9,"(Liberal Democrat)"
"South Basildon and East Thurrock",12.91,"Conservative and Unionist Party","E07000066",79,"(Conservative)"
"South Basildon and East Thurrock",12.91,"Conservative and Unionist Party","E06000034",78.6,"(Conservative)"
"South Cambridgeshire",13.27,"Conservative and Unionist Party","E07000008",79.3,"(Conservative)"
"South Cambridgeshire",13.27,"Conservative and Unionist Party","E07000012",82.3,"(Conservative)"
"South Derbyshire",14.14,"Conservative and Unionist Party","E07000039",78.8,"(Conservative)"
"South Dorset",14.79,"Conservative and Unionist Party","E07000051",79.7,"(Conservative)"
"South Dorset",14.79,"Conservative and Unionist Party","E07000052",80.3,"(Conservative)"
"South Dorset",14.79,"Conservative and Unionist Party","E07000053",77.7,"(Conservative)"
"South East Cambridgeshire",10.33,"Conservative and Unionist Party","E07000012",82.3,"(Conservative)"
"South East Cambridgeshire",10.33,"Conservative and Unionist Party","E07000009",80.8,"(Conservative)"
"South East Cornwall",6.49,"Conservative and Unionist Party","E06000052",79.2,"(Conservative)"
"South Holland and The Deepings",43.6,"Conservative and Unionist Party","E07000140",78.9,"(Conservative)"
"South Holland and The Deepings",43.6,"Conservative and Unionist Party","E07000141",79.6,"(Conservative)"
"South Leicestershire",28.44,"Conservative and Unionist Party","E07000131",79.6,"(Conservative)"
"South Leicestershire",28.44,"Conservative and Unionist Party","E07000129",80,"(Conservative)"
"South Norfolk",19.89,"Conservative and Unionist Party","E07000149",80.8,"(Conservative)"
"South Northamptonshire",34.2,"Conservative and Unionist Party","E07000155",81.5,"(Conservative)"
"South Northamptonshire",34.2,"Conservative and Unionist Party","E07000154",76.9,"(Conservative)"
"South Ribble",10.8,"Conservative and Unionist Party","E07000126",79.5,"(Conservative)"
"South Ribble",10.8,"Conservative and Unionist Party","E07000118",78.4,"(Conservative)"
"South Ribble",10.8,"Conservative and Unionist Party","E07000127",78,"(Conservative)"
"South Shields",30.43,"Labour Party","E08000023",76.2,"(Labour)"
"South Staffordshire",32.89,"Conservative and Unionist Party","E07000196",79.5,"(Conservative)"
"South Suffolk",16.9,"Conservative and Unionist Party","E07000200",81.3,"(Conservative)"
"South Suffolk",16.9,"Conservative and Unionist Party","E07000204",80.9,"(Conservative)"
"South Swindon",7.52,"Conservative and Unionist Party","E06000030",78.8,"(Conservative)"
"South Thanet",16.58,"Conservative and Unionist Party","E07000108",78.6,"(Conservative)"
"South Thanet",16.58,"Conservative and Unionist Party","E07000114",77,"(Conservative)"
"South West Bedfordshire",32.79,"Conservative and Unionist Party","E06000056",80.1,"(Conservative)"
"South West Devon",31.83,"Conservative and Unionist Party","E06000026",77.9,"(Conservative)"
"South West Devon",31.83,"Conservative and Unionist Party","E07000044",80.7,"(Conservative)"
"South West Hertfordshire",26.3,"Conservative and Unionist Party","E07000102",79.6,"(Conservative)"
"South West Hertfordshire",26.3,"Conservative and Unionist Party","E07000096",79.7,"(Conservative)"
"South West Norfolk",26.74,"Conservative and Unionist Party","E07000143",79.5,"(Conservative)"
"South West Norfolk",26.74,"Conservative and Unionist Party","E07000146",79,"(Conservative)"
"South West Surrey",28.5,"Conservative and Unionist Party","E07000216",81.4,"(Conservative)"
"South West Wiltshire",21.15,"Conservative and Unionist Party","E06000054",80.1,"(Conservative)"
"Southend West",16.67,"Conservative and Unionist Party","E06000033",79.2,"(Conservative)"
"Southport",13.77,"Liberal Democrats","E08000014",77.1,"(Liberal Democrat)"
"Spelthorne",21.18,"Conservative and Unionist Party","E07000213",79.4,"(Conservative)"
"St Albans",4.37,"Conservative and Unionist Party","E07000102",79.6,"(Conservative)"
"St Albans",4.37,"Conservative and Unionist Party","E07000100",81.2,"(Conservative)"
"St Austell and Newquay",2.78,"Liberal Democrats","E06000052",79.2,"(Liberal Democrat)"
"St Helens North",29.4,"Labour Party","E08000013",77.5,"(Labour)"
"St Helens South and Whiston",30.64,"Labour Party","E08000011",76,"(Labour)"
"St Helens South and Whiston",30.64,"Labour Party","E08000013",77.5,"(Labour)"
"St Ives",3.74,"Liberal Democrats","E06000052",79.2,"(Liberal Democrat)"
"Stafford",10.86,"Conservative and Unionist Party","E07000196",79.5,"(Conservative)"
"Stafford",10.86,"Conservative and Unionist Party","E07000197",79.7,"(Conservative)"
"Staffordshire Moorlands",15.26,"Conservative and Unionist Party","E07000198",78.9,"(Conservative)"
"Staffordshire Moorlands",15.26,"Conservative and Unionist Party","E07000195",78.3,"(Conservative)"
"Stalybridge and Hyde",6.71,"Labour Party/Co-operative Party","E08000008",75.8,"(Labour (Co-op))"
"Stevenage",8.01,"Conservative and Unionist Party","E07000097",80.5,"(Conservative)"
"Stevenage",8.01,"Conservative and Unionist Party","E07000099",79.4,"(Conservative)"
"Stevenage",8.01,"Conservative and Unionist Party","E07000101",78.9,"(Conservative)"
"Stockport",17.34,"Labour Party","E08000007",79.4,"(Labour)"
"Stockton North",16.91,"Labour Party","E06000004",77.8,"(Labour)"
"Stockton South",0.659999999999997,"Conservative and Unionist Party","E06000004",77.8,"(Conservative)"
"Stoke-on-Trent Central",17.14,"Labour Party","E06000021",76.3,"(Labour)"
"Stoke-on-Trent North",20.49,"Labour Party","E07000195",78.3,"(Labour)"
"Stoke-on-Trent North",20.49,"Labour Party","E06000021",76.3,"(Labour)"
"Stoke-on-Trent South",10.36,"Labour Party","E06000021",76.3,"(Labour)"
"Stone",28.14,"Conservative and Unionist Party","E07000198",78.9,"(Conservative)"
"Stone",28.14,"Conservative and Unionist Party","E07000195",78.3,"(Conservative)"
"Stone",28.14,"Conservative and Unionist Party","E07000197",79.7,"(Conservative)"
"Stourbridge",10.94,"Conservative and Unionist Party","E08000027",78.5,"(Conservative)"
"Stratford-on-Avon",22.45,"Conservative and Unionist Party","E07000221",80.3,"(Conservative)"
"Streatham",6.96,"Labour Party","E09000022",77.8,"(Labour)"
"Stretford and Urmston",19.9,"Labour Party","E08000009",79.2,"(Labour)"
"Stroud",2.24,"Conservative and Unionist Party","E07000082",79.9,"(Conservative)"
"Suffolk Coastal",16.63,"Conservative and Unionist Party","E07000206",78.7,"(Conservative)"
"Suffolk Coastal",16.63,"Conservative and Unionist Party","E07000205",80,"(Conservative)"
"Sunderland Central",15.84,"Labour Party","E08000024",76.6,"(Labour)"
"Surrey Heath",31.81,"Conservative and Unionist Party","E07000209",81.5,"(Conservative)"
"Surrey Heath",31.81,"Conservative and Unionist Party","E07000214",80.4,"(Conservative)"
"Sutton and Cheam",3.31,"Liberal Democrats","E09000029",80,"(Liberal Democrat)"
"Sutton Coldfield",33.61,"Conservative and Unionist Party","E08000025",77.3,"(Conservative)"
"Tamworth",13.13,"Conservative and Unionist Party","E07000194",79.2,"(Conservative)"
"Tamworth",13.13,"Conservative and Unionist Party","E07000199",78.7,"(Conservative)"
"Tatton",32.03,"Conservative and Unionist Party","E06000050",78.8,"(Conservative)"
"Tatton",32.03,"Conservative and Unionist Party","E06000049",80.1,"(Conservative)"
"Taunton Deane",6.86,"Liberal Democrats","E07000190",79.2,"(Liberal Democrat)"
"Telford",2.37,"Labour Party","E06000020",77.3,"(Labour)"
"Tewkesbury",11.69,"Conservative and Unionist Party","E07000078",80,"(Conservative)"
"Tewkesbury",11.69,"Conservative and Unionist Party","E07000081",77.4,"(Conservative)"
"Tewkesbury",11.69,"Conservative and Unionist Party","E07000083",79.5,"(Conservative)"
"The Cotswolds",23.47,"Conservative and Unionist Party","E07000082",79.9,"(Conservative)"
"The Cotswolds",23.47,"Conservative and Unionist Party","E07000079",80.4,"(Conservative)"
"The Wrekin",20.56,"Conservative and Unionist Party","E06000020",77.3,"(Conservative)"
"The Wrekin",20.56,"Conservative and Unionist Party","E06000051",79.5,"(Conservative)"
"Thirsk and Malton",29.57,"Conservative and Unionist Party","E07000168",77.2,"(Conservative)"
"Thirsk and Malton",29.57,"Conservative and Unionist Party","E07000164",80.6,"(Conservative)"
"Thirsk and Malton",29.57,"Conservative and Unionist Party","E07000167",79.9,"(Conservative)"
"Thornbury and Yate",14.76,"Liberal Democrats","E06000025",80.6,"(Liberal Democrat)"
"Thurrock",0.200000000000003,"Conservative and Unionist Party","E06000034",78.6,"(Conservative)"
"Tiverton and Honiton",16.97,"Conservative and Unionist Party","E07000042",79.4,"(Conservative)"
"Tiverton and Honiton",16.97,"Conservative and Unionist Party","E07000040",80.8,"(Conservative)"
"Tonbridge and Malling",35.42,"Conservative and Unionist Party","E07000115",80,"(Conservative)"
"Tonbridge and Malling",35.42,"Conservative and Unionist Party","E07000111",80.9,"(Conservative)"
"Tooting",4.98999999999999,"Labour Party","E09000032",78.7,"(Labour)"
"Torbay",8.28,"Liberal Democrats","E06000027",78.5,"(Liberal Democrat)"
"Torridge and West Devon",5.34999999999999,"Conservative and Unionist Party","E07000046",79.3,"(Conservative)"
"Torridge and West Devon",5.34999999999999,"Conservative and Unionist Party","E07000047",78.9,"(Conservative)"
"Totnes",10.3,"Conservative and Unionist Party","E07000044",80.7,"(Conservative)"
"Totnes",10.3,"Conservative and Unionist Party","E06000027",78.5,"(Conservative)"
"Tottenham",41.61,"Labour Party","E09000014",78.9,"(Labour)"
"Truro and Falmouth",0.899999999999999,"Conservative and Unionist Party","E06000052",79.2,"(Conservative)"
"Tunbridge Wells",30.95,"Conservative and Unionist Party","E07000116",80.9,"(Conservative)"
"Twickenham",20.33,"Liberal Democrats","E09000027",81.2,"(Liberal Democrat)"
"Tynemouth",10.89,"Labour Party","E08000022",77.7,"(Labour)"
"Uxbridge and South Ruislip",24.88,"Conservative and Unionist Party","E09000017",79.5,"(Conservative)"
"Vauxhall",24.66,"Labour Party","E09000022",77.8,"(Labour)"
"Wakefield",3.63,"Labour Party","E08000036",77.4,"(Labour)"
"Wallasey",20.42,"Labour Party","E08000015",77.6,"(Labour)"
"Walsall North",2.74,"Labour Party","E08000030",77.5,"(Labour)"
"Walsall South",4.29,"Labour Party","E08000030",77.5,"(Labour)"
"Walthamstow",23.12,"Labour Party/Co-operative Party","E09000031",78.7,"(Labour (Co-op))"
"Wansbeck",18.37,"Labour Party","E06000048",78.4,"(Labour)"
"Wantage",24.05,"Conservative and Unionist Party","E07000180",80.8,"(Conservative)"
"Wantage",24.05,"Conservative and Unionist Party","E07000179",80.5,"(Conservative)"
"Warley",28.11,"Labour Party","E08000028",76.4,"(Labour)"
"Warrington North",15.31,"Labour Party","E06000007",77.7,"(Labour)"
"Warrington South",2.83,"Conservative and Unionist Party","E06000007",77.7,"(Conservative)"
"Warwick and Leamington",7.17,"Conservative and Unionist Party","E07000222",79.9,"(Conservative)"
"Washington and Sunderland West",30.69,"Labour Party","E08000024",76.6,"(Labour)"
"Watford",2.58,"Conservative and Unionist Party","E07000103",78.5,"(Conservative)"
"Watford",2.58,"Conservative and Unionist Party","E07000102",79.6,"(Conservative)"
"Waveney",1.5,"Conservative and Unionist Party","E07000206",78.7,"(Conservative)"
"Wealden",31.25,"Conservative and Unionist Party","E07000065",80.4,"(Conservative)"
"Weaver Vale",2.25,"Conservative and Unionist Party","E06000006",76.5,"(Conservative)"
"Weaver Vale",2.25,"Conservative and Unionist Party","E06000050",78.8,"(Conservative)"
"Wellingborough",22.81,"Conservative and Unionist Party","E07000152",79.3,"(Conservative)"
"Wellingborough",22.81,"Conservative and Unionist Party","E07000156",79.3,"(Conservative)"
"Wells",1.43,"Liberal Democrats","E07000188",80,"(Liberal Democrat)"
"Wells",1.43,"Liberal Democrats","E07000187",79.9,"(Liberal Democrat)"
"Welwyn Hatfield",35.58,"Conservative and Unionist Party","E07000104",79.4,"(Conservative)"
"Wentworth and Dearne",33.05,"Labour Party","E08000016",77.4,"(Labour)"
"Wentworth and Dearne",33.05,"Labour Party","E08000018",77.6,"(Labour)"
"West Bromwich East",17.65,"Labour Party","E08000028",76.4,"(Labour)"
"West Bromwich West",15.62,"Labour Party/Co-operative Party","E08000028",76.4,"(Labour (Co-op))"
"West Dorset",6.84,"Conservative and Unionist Party","E07000052",80.3,"(Conservative)"
"West Ham",48,"Labour Party","E09000025",77.3,"(Labour)"
"West Lancashire",8.95,"Labour Party","E07000127",78,"(Labour)"
"West Suffolk",27.14,"Conservative and Unionist Party","E07000204",80.9,"(Conservative)"
"West Suffolk",27.14,"Conservative and Unionist Party","E07000201",78.9,"(Conservative)"
"West Worcestershire",12.49,"Conservative and Unionist Party","E07000235",79.6,"(Conservative)"
"West Worcestershire",12.49,"Conservative and Unionist Party","E07000238",80.1,"(Conservative)"
"Westminster North",5.37,"Labour Party","E09000033",80.6,"(Labour)"
"Westmorland and Lonsdale",23.82,"Liberal Democrats","E07000031",80.3,"(Liberal Democrat)"
"Wigan",23.76,"Labour Party","E08000010",77,"(Labour)"
"Wimbledon",24.07,"Conservative and Unionist Party","E09000024",79.7,"(Conservative)"
"Winchester",5.45,"Conservative and Unionist Party","E07000086",81,"(Conservative)"
"Winchester",5.45,"Conservative and Unionist Party","E07000094",81.4,"(Conservative)"
"Windsor",38.43,"Conservative and Unionist Party","E06000039",77.8,"(Conservative)"
"Windsor",38.43,"Conservative and Unionist Party","E06000040",80.5,"(Conservative)"
"Windsor",38.43,"Conservative and Unionist Party","E06000036",80.2,"(Conservative)"
"Wirral South",1.33,"Labour Party","E08000015",77.6,"(Labour)"
"Wirral West",6.19,"Conservative and Unionist Party","E08000015",77.6,"(Conservative)"
"Witham",32.45,"Conservative and Unionist Party","E07000074",79.7,"(Conservative)"
"Witham",32.45,"Conservative and Unionist Party","E07000071",79.2,"(Conservative)"
"Witham",32.45,"Conservative and Unionist Party","E07000067",79.1,"(Conservative)"
"Witney",39.37,"Conservative and Unionist Party","E07000181",80.1,"(Conservative)"
"Woking",12.9,"Conservative and Unionist Party","E07000217",79.8,"(Conservative)"
"Woking",12.9,"Conservative and Unionist Party","E07000209",81.5,"(Conservative)"
"Wokingham",24.74,"Conservative and Unionist Party","E06000041",81,"(Conservative)"
"Wokingham",24.74,"Conservative and Unionist Party","E06000037",80.3,"(Conservative)"
"Wolverhampton North East",7.12,"Labour Party","E08000031",76.9,"(Labour)"
"Wolverhampton South East",19,"Labour Party","E08000027",78.5,"(Labour)"
"Wolverhampton South East",19,"Labour Party","E08000031",76.9,"(Labour)"
"Wolverhampton South West",1.72000000000001,"Conservative and Unionist Party","E08000031",76.9,"(Conservative)"
"Worcester",6.09,"Conservative and Unionist Party","E07000237",78.1,"(Conservative)"
"Workington",11.66,"Labour Party","E07000026",77.5,"(Labour)"
"Worsley and Eccles South",10.4,"Labour Party","E08000006",75.6,"(Labour)"
"Worthing West",23.88,"Conservative and Unionist Party","E07000229",78.1,"(Conservative)"
"Worthing West",23.88,"Conservative and Unionist Party","E07000224",79.1,"(Conservative)"
"Wycombe",19.85,"Conservative and Unionist Party","E07000007",80.8,"(Conservative)"
"Wyre and Preston North",30.88,"Conservative and Unionist Party","E07000128",77.5,"(Conservative)"
"Wyre and Preston North",30.88,"Conservative and Unionist Party","E07000123",76.8,"(Conservative)"
"Wyre Forest",5.19,"Conservative and Unionist Party","E07000239",78.5,"(Conservative)"
"Wythenshawe and Sale East",18.59,"Labour Party","E08000003",74.5,"(Labour)"
"Wythenshawe and Sale East",18.59,"Labour Party","E08000009",79.2,"(Labour)"
"Yeovil",22.81,"Liberal Democrats","E07000189",80.3,"(Liberal Democrat)"
"York Central",13.88,"Labour Party","E06000014",79.1,"(Labour)"
"York Outer",6.92,"Conservative and Unionist Party","E06000014",79.1,"(Conservative)"
