"","PCON11NM","area","X","le","LAD11CDO","LAD11NM","PCON11CD","PCON11CDO","V2"
"1","Aldershot","E07000092",294,78.4,"24UL","Rushmoor","E14000530","A01","(Conservative)"
"2","Aldershot","E07000089",291,82.2,"24UG","Hart","E14000530","A01","(Conservative)"
"3","Aldridge-Brownhills","E08000030",163,77.5,"00CU","Walsall","E14000531","A02","(Conservative)"
"4","Altrincham and Sale West","E08000009",45,79.2,"00BU","Trafford","E14000532","A03","(Conservative)"
"5","Amber Valley","E07000032",97,78.6,"17UB","Amber Valley","E14000533","A04","(Conservative)"
"6","Arundel and South Downs","E07000227",333,80.9,"45UF","Horsham","E14000534","A05","(Conservative)"
"7","Arundel and South Downs","E07000228",334,81.4,"45UG","Mid Sussex","E14000534","A05","(Conservative)"
"8","Arundel and South Downs","E07000224",330,79.1,"45UC","Arun","E14000534","A05","(Conservative)"
"9","Arundel and South Downs","E07000225",331,80.4,"45UD","Chichester","E14000534","A05","(Conservative)"
"10","Ashfield","E07000170",130,77,"37UB","Ashfield","E14000535","A06","(Labour)"
"11","Ashfield","E07000172",132,79.4,"37UD","Broxtowe","E14000535","A06","(Labour)"
"12","Ashford","E07000105",298,80.7,"29UB","Ashford","E14000536","A07","(Conservative)"
"13","Ashton-under-Lyne","E08000008",44,75.8,"00BT","Tameside","E14000537","A08","(Labour)"
"14","Ashton-under-Lyne","E08000004",40,76.6,"00BP","Oldham","E14000537","A08","(Labour)"
"15","Aylesbury","E07000007",278,80.8,"11UF","Wycombe","E14000538","A09","(Conservative)"
"16","Aylesbury","E07000004",275,79.3,"11UB","Aylesbury Vale","E14000538","A09","(Conservative)"
"17","Banbury","E07000177",311,79.6,"38UB","Cherwell","E14000539","A10","(Conservative)"
"18","Barking","E09000002",242,77.1,"00AB","Barking and Dagenham","E14000540","A11","(Labour)"
"19","Barnsley Central","E08000016",81,77.4,"00CC","Barnsley","E14000541","A12","(Labour)"
"20","Barnsley East","E08000016",81,77.4,"00CC","Barnsley","E14000542","A13","(Labour)"
"21","Barrow and Furness","E07000027",31,76.2,"16UC","Barrow-in-Furness","E14000543","A14","(Labour (Co-op))"
"22","Barrow and Furness","E07000031",35,80.3,"16UG","South Lakeland","E14000543","A14","(Labour (Co-op))"
"23","Basildon and Billericay","E07000066",186,79,"22UB","Basildon","E14000544","A15","(Conservative)"
"24","Basingstoke","E07000084",286,80.3,"24UB","Basingstoke and Deane","E14000545","A16","(Conservative)"
"25","Bassetlaw","E07000171",131,77.9,"37UC","Bassetlaw","E14000546","A17","(Labour)"
"26","Bath","E06000022",337,80.1,"00HA","Bath and North East Somerset","E14000547","A18","(Liberal Democrat)"
"27","Batley and Spen","E08000034",88,77.9,"00CZ","Kirklees","E14000548","A19","(Labour)"
"28","Battersea","E09000032",239,78.7,"00BJ","Wandsworth","E14000549","A20","(Conservative)"
"29","Beaconsfield","E07000007",278,80.8,"11UF","Wycombe","E14000550","A21","(Conservative)"
"30","Beaconsfield","E07000006",277,80.7,"11UE","South Bucks","E14000550","A21","(Conservative)"
"31","Beckenham","E09000006",246,80.6,"00AF","Bromley","E14000551","A22","(Conservative)"
"32","Bedford","E06000055",173,78.8,"00KB","Bedford","E14000552","A23","(Conservative)"
"33","Bermondsey and Old Southwark","E09000028",237,77.6,"00BE","Southwark","E14000553","A24","(Liberal Democrat)"
"34","Berwick-upon-Tweed","E06000048",13,78.4,"00EM","Northumberland","E14000554","A25","(Liberal Democrat)"
"35","Bethnal Green and Bow","E09000030",238,76.5,"00BG","Tower Hamlets","E14000555","A26","(Labour)"
"36","Beverley and Holderness","E06000011",67,79.2,"00FB","East Riding of Yorkshire","E14000556","A27","(Conservative)"
"37","Bexhill and Battle","E07000065",284,80.4,"21UH","Wealden","E14000557","A28","(Conservative)"
"38","Bexhill and Battle","E07000064",283,79.4,"21UG","Rother","E14000557","A28","(Conservative)"
"39","Bexleyheath and Crayford","E09000004",244,79.9,"00AD","Bexley","E14000558","A29","(Conservative)"
"40","Birkenhead","E08000015",65,77.6,"00CB","Wirral","E14000559","A30","(Labour)"
"41","Bishop Auckland","E06000047",9,77.6,"00EJ","County Durham","E14000569","A40","(Labour)"
"42","Blackburn","E06000008",23,75.9,"00EX","Blackburn with Darwen","E14000570","A41","(Independent)"
"43","Blackley and Broughton","E08000003",39,74.5,"00BN","Manchester","E14000571","A42","(Labour)"
"44","Blackley and Broughton","E08000006",42,75.6,"00BR","Salford","E14000571","A42","(Labour)"
"45","Blackpool North and Cleveleys","E06000009",24,73.4,"00EY","Blackpool","E14000572","A43","(Conservative)"
"46","Blackpool North and Cleveleys","E07000128",59,77.5,"30UQ","Wyre","E14000572","A43","(Conservative)"
"47","Blackpool South","E06000009",24,73.4,"00EY","Blackpool","E14000573","A44","(Labour)"
"48","Blaydon","E08000020",17,76.7,"00CH","Gateshead","E14000574","A45","(Labour)"
"49","Blyth Valley","E06000048",13,78.4,"00EM","Northumberland","E14000575","A46","(Labour)"
"50","Bognor Regis and Littlehampton","E07000224",330,79.1,"45UC","Arun","E14000576","A47","(Conservative)"
"51","Bolsover","E07000038",103,79,"17UJ","North East Derbyshire","E14000577","A48","(Labour)"
"52","Bolsover","E07000033",98,77.2,"17UC","Bolsover","E14000577","A48","(Labour)"
"53","Bolton North East","E08000001",37,77,"00BL","Bolton","E14000578","A49","(Labour)"
"54","Bolton South East","E08000001",37,77,"00BL","Bolton","E14000579","A50","(Labour)"
"55","Bolton West","E08000001",37,77,"00BL","Bolton","E14000580","A51","(Labour)"
"56","Bolton West","E08000010",46,77,"00BW","Wigan","E14000580","A51","(Labour)"
"57","Bootle","E08000014",63,77.1,"00CA","Sefton","E14000581","A52","(Labour)"
"58","Boston and Skegness","E07000136",114,78,"32UB","Boston","E14000582","A53","(Conservative)"
"59","Boston and Skegness","E07000137",115,77.2,"32UC","East Lindsey","E14000582","A53","(Conservative)"
"60","Bosworth","E07000132",109,79.6,"31UE","Hinckley and Bosworth","E14000583","A54","(Conservative)"
"61","Bournemouth East","E06000028",338,78.1,"00HN","Bournemouth","E14000584","A55","(Conservative)"
"62","Bournemouth West","E06000029",344,79.6,"00HP","Poole","E14000585","A56","(Conservative)"
"63","Bournemouth West","E06000028",338,78.1,"00HN","Bournemouth","E14000585","A56","(Conservative)"
"64","Bracknell","E06000036",262,80.2,"00MA","Bracknell Forest","E14000586","A57","(Conservative)"
"65","Bracknell","E06000041",273,81,"00MF","Wokingham","E14000586","A57","(Conservative)"
"66","Bradford East","E08000032",86,77.2,"00CX","Bradford","E14000587","A58","(Liberal Democrat)"
"67","Bradford South","E08000032",86,77.2,"00CX","Bradford","E14000588","A59","(Labour)"
"68","Bradford West","E08000032",86,77.2,"00CX","Bradford","E14000589","A60","(Respect)"
"69","Braintree","E07000067",187,79.1,"22UC","Braintree","E14000590","A61","(Conservative)"
"70","Brent Central","E09000005",245,79.5,"00AE","Brent","E14000591","A62","(Liberal Democrat)"
"71","Brent North","E09000005",245,79.5,"00AE","Brent","E14000592","A63","(Labour)"
"72","Brentford and Isleworth","E09000018",254,79,"00AT","Hounslow","E14000593","A64","(Conservative)"
"73","Brentwood and Ongar","E07000072",192,79.7,"22UH","Epping Forest","E14000594","A65","(Conservative)"
"74","Brentwood and Ongar","E07000068",188,80.7,"22UD","Brentwood","E14000594","A65","(Conservative)"
"75","Bridgwater and West Somerset","E07000188",374,80,"40UC","Sedgemoor","E14000595","A66","(Conservative)"
"76","Bridgwater and West Somerset","E07000191",377,78.1,"40UF","West Somerset","E14000595","A66","(Conservative)"
"77","Brigg and Goole","E06000011",67,79.2,"00FB","East Riding of Yorkshire","E14000596","A67","(Conservative)"
"78","Brigg and Goole","E06000013",70,77.8,"00FD","North Lincolnshire","E14000596","A67","(Conservative)"
"79","Bristol East","E06000023",339,78,"00HB","Bristol, City of","E14000599","A70","(Labour)"
"80","Bristol North West","E06000023",339,78,"00HB","Bristol, City of","E14000600","A71","(Conservative)"
"81","Bristol South","E06000023",339,78,"00HB","Bristol, City of","E14000601","A72","(Labour)"
"82","Bristol West","E06000023",339,78,"00HB","Bristol, City of","E14000602","A73","(Liberal Democrat)"
"83","Broadland","E07000147",214,79.8,"33UF","North Norfolk","E14000603","A74","(Conservative)"
"84","Broadland","E07000144",211,80.9,"33UC","Broadland","E14000603","A74","(Conservative)"
"85","Bromley and Chislehurst","E09000006",246,80.6,"00AF","Bromley","E14000604","A75","(Conservative)"
"86","Bromsgrove","E07000234",166,79.7,"47UB","Bromsgrove","E14000605","A76","(Conservative)"
"87","Broxbourne","E07000104",208,79.4,"26UL","Welwyn Hatfield","E14000606","A77","(Conservative)"
"88","Broxbourne","E07000095",199,80,"26UB","Broxbourne","E14000606","A77","(Conservative)"
"89","Broxtowe","E07000172",132,79.4,"37UD","Broxtowe","E14000607","A78","(Conservative)"
"90","Buckingham","E07000007",278,80.8,"11UF","Wycombe","E14000608","A79","(Speaker)"
"91","Buckingham","E07000004",275,79.3,"11UB","Aylesbury Vale","E14000608","A79","(Speaker)"
"92","Burnley","E07000117",48,74.9,"30UD","Burnley","E14000609","A80","(Liberal Democrat)"
"93","Burton","E07000193",144,77.8,"41UC","East Staffordshire","E14000610","A81","(Conservative)"
"94","Bury North","E08000002",38,77.5,"00BM","Bury","E14000611","A82","(Conservative)"
"95","Bury South","E08000002",38,77.5,"00BM","Bury","E14000612","A83","(Labour)"
"96","Bury St Edmunds","E07000204",222,80.9,"42UF","St Edmundsbury","E14000613","A84","(Conservative)"
"97","Bury St Edmunds","E07000203",221,81,"42UE","Mid Suffolk","E14000613","A84","(Conservative)"
"98","Calder Valley","E08000033",87,77,"00CY","Calderdale","E14000614","A85","(Conservative)"
"99","Camberwell and Peckham","E09000028",237,77.6,"00BE","Southwark","E14000615","A86","(Labour)"
"100","Camborne and Redruth","E06000052",340,79.2,"00HE","Cornwall","E14000616","A87","(Conservative)"
"101","Cambridge","E07000008",180,79.3,"12UB","Cambridge","E14000617","A88","(Liberal Democrat)"
"102","Cannock Chase","E07000192",143,78,"41UB","Cannock Chase","E14000618","A89","(Conservative)"
"103","Canterbury","E07000106",299,79.6,"29UC","Canterbury","E14000619","A90","(Conservative)"
"104","Carlisle","E07000028",32,77.9,"16UD","Carlisle","E14000620","A91","(Conservative)"
"105","Carshalton and Wallington","E09000029",259,80,"00BF","Sutton","E14000621","A92","(Liberal Democrat)"
"106","Castle Point","E07000069",189,79.2,"22UE","Castle Point","E14000622","A93","(Conservative)"
"107","Central Devon","E07000042",352,79.4,"18UD","Mid Devon","E14000623","A94","(Conservative)"
"108","Central Devon","E07000047",357,78.9,"18UL","West Devon","E14000623","A94","(Conservative)"
"109","Central Devon","E07000045",355,79.5,"18UH","Teignbridge","E14000623","A94","(Conservative)"
"110","Central Devon","E07000040",350,80.8,"18UB","East Devon","E14000623","A94","(Conservative)"
"111","Central Suffolk and North Ipswich","E07000202",220,78.7,"42UD","Ipswich","E14000624","A95","(Conservative)"
"112","Central Suffolk and North Ipswich","E07000203",221,81,"42UE","Mid Suffolk","E14000624","A95","(Conservative)"
"113","Central Suffolk and North Ipswich","E07000205",223,80,"42UG","Suffolk Coastal","E14000624","A95","(Conservative)"
"114","Charnwood","E07000129",106,80,"31UB","Blaby","E14000625","A96","(Conservative)"
"115","Charnwood","E07000132",109,79.6,"31UE","Hinckley and Bosworth","E14000625","A96","(Conservative)"
"116","Charnwood","E07000130",107,79.1,"31UC","Charnwood","E14000625","A96","(Conservative)"
"117","Chatham and Aylesford","E06000035",265,78.1,"00LC","Medway","E14000626","A97","(Conservative)"
"118","Chatham and Aylesford","E07000115",308,80,"29UP","Tonbridge and Malling","E14000626","A97","(Conservative)"
"119","Cheadle","E08000007",43,79.4,"00BS","Stockport","E14000627","A98","(Liberal Democrat)"
"120","Chelmsford","E07000070",190,80.3,"22UF","Chelmsford","E14000628","A99","(Conservative)"
"121","Chelsea and Fulham","E09000013",230,78.5,"00AN","Hammersmith and Fulham","E14000629","B01","(Conservative)"
"122","Chelsea and Fulham","E09000020",233,81.5,"00AW","Kensington and Chelsea","E14000629","B01","(Conservative)"
"123","Cheltenham","E07000078",366,80,"23UB","Cheltenham","E14000630","B02","(Liberal Democrat)"
"124","Chesham and Amersham","E07000005",276,81.3,"11UC","Chiltern","E14000631","B03","(Conservative)"
"125","Chesterfield","E07000034",99,77.1,"17UD","Chesterfield","E14000632","B04","(Labour)"
"126","Chichester","E07000225",331,80.4,"45UD","Chichester","E14000633","B05","(Conservative)"
"127","Chingford and Woodford Green","E09000031",260,78.7,"00BH","Waltham Forest","E14000634","B06","(Conservative)"
"128","Chingford and Woodford Green","E09000026",257,79.9,"00BC","Redbridge","E14000634","B06","(Conservative)"
"129","Chippenham","E06000054",348,80.1,"00HY","Wiltshire","E14000635","B07","(Liberal Democrat)"
"130","Chipping Barnet","E09000003",243,81.1,"00AC","Barnet","E14000636","B08","(Conservative)"
"131","Chorley","E07000118",49,78.4,"30UE","Chorley","E14000637","B09","(Labour)"
"132","Christchurch","E07000048",359,81.1,"19UC","Christchurch","E14000638","B10","(Conservative)"
"133","Christchurch","E07000049",360,82.3,"19UD","East Dorset","E14000638","B10","(Conservative)"
"134","Cities of London and Westminster","E09000033",240,80.6,"00BK","Westminster","E14000639","B11","(Conservative)"
"135","City of Chester","E06000050",26,78.8,"00EW","Cheshire West and Chester","E14000640","B12","(Conservative)"
"136","City of Durham","E06000047",9,77.6,"00EJ","County Durham","E14000641","B13","(Labour)"
"137","Clacton","E07000076",196,77.4,"22UN","Tendring","E14000642","B14","(UK Independence Party)"
"138","Cleethorpes","E06000013",70,77.8,"00FD","North Lincolnshire","E14000643","B15","(Conservative)"
"139","Cleethorpes","E06000012",69,77.3,"00FC","North East Lincolnshire","E14000643","B15","(Conservative)"
"140","Colchester","E07000071",191,79.2,"22UG","Colchester","E14000644","B16","(Liberal Democrat)"
"141","Colne Valley","E08000034",88,77.9,"00CZ","Kirklees","E14000645","B17","(Conservative)"
"142","Congleton","E06000049",25,80.1,"00EQ","Cheshire East","E14000646","B18","(Conservative)"
"143","Copeland","E07000029",33,76.8,"16UE","Copeland","E14000647","B19","(Labour)"
"144","Copeland","E07000026",30,77.5,"16UB","Allerdale","E14000647","B19","(Labour)"
"145","Corby","E07000150",122,76.4,"34UB","Corby","E14000648","B20","(Labour (Co-op))"
"146","Corby","E07000152",124,79.3,"34UD","East Northamptonshire","E14000648","B20","(Labour (Co-op))"
"147","Coventry North East","E08000026",159,77.7,"00CQ","Coventry","E14000649","B21","(Labour)"
"148","Coventry North West","E08000026",159,77.7,"00CQ","Coventry","E14000650","B22","(Labour)"
"149","Coventry South","E08000026",159,77.7,"00CQ","Coventry","E14000651","B23","(Labour)"
"150","Crawley","E07000226",332,78.8,"45UE","Crawley","E14000652","B24","(Conservative)"
"151","Crewe and Nantwich","E06000049",25,80.1,"00EQ","Cheshire East","E14000653","B25","(Conservative)"
"152","Croydon Central","E09000008",247,78.9,"00AH","Croydon","E14000654","B26","(Conservative)"
"153","Croydon North","E09000008",247,78.9,"00AH","Croydon","E14000655","B27","(Labour)"
"154","Croydon South","E09000008",247,78.9,"00AH","Croydon","E14000656","B28","(Conservative)"
"155","Dagenham and Rainham","E09000016",252,78.9,"00AR","Havering","E14000657","B29","(Labour)"
"156","Dagenham and Rainham","E09000002",242,77.1,"00AB","Barking and Dagenham","E14000657","B29","(Labour)"
"157","Darlington","E06000005",10,78.1,"00EH","Darlington","E14000658","B30","(Labour)"
"158","Dartford","E07000107",300,78.5,"29UD","Dartford","E14000659","B31","(Conservative)"
"159","Dartford","E07000111",304,80.9,"29UK","Sevenoaks","E14000659","B31","(Conservative)"
"160","Daventry","E07000156",128,79.3,"34UH","Wellingborough","E14000660","B32","(Conservative)"
"161","Daventry","E07000151",123,78.8,"34UC","Daventry","E14000660","B32","(Conservative)"
"162","Daventry","E07000155",127,81.5,"34UG","South Northamptonshire","E14000660","B32","(Conservative)"
"163","Denton and Reddish","E08000007",43,79.4,"00BS","Stockport","E14000661","B33","(Labour)"
"164","Denton and Reddish","E08000008",44,75.8,"00BT","Tameside","E14000661","B33","(Labour)"
"165","Derby North","E06000015",92,78.1,"00FK","Derby","E14000662","B34","(Labour)"
"166","Derby South","E06000015",92,78.1,"00FK","Derby","E14000663","B35","(Labour)"
"167","Derbyshire Dales","E07000035",100,80.3,"17UF","Derbyshire Dales","E14000664","B36","(Conservative)"
"168","Derbyshire Dales","E07000032",97,78.6,"17UB","Amber Valley","E14000664","B36","(Conservative)"
"169","Devizes","E06000054",348,80.1,"00HY","Wiltshire","E14000665","B37","(Conservative)"
"170","Dewsbury","E08000034",88,77.9,"00CZ","Kirklees","E14000666","B38","(Conservative)"
"171","Don Valley","E08000017",82,77.1,"00CE","Doncaster","E14000667","B39","(Labour)"
"172","Doncaster Central","E08000017",82,77.1,"00CE","Doncaster","E14000668","B40","(Labour)"
"173","Doncaster North","E08000017",82,77.1,"00CE","Doncaster","E14000669","B41","(Labour)"
"174","Dover","E07000108",301,78.6,"29UE","Dover","E14000670","B42","(Conservative)"
"175","Dudley North","E08000027",160,78.5,"00CR","Dudley","E14000671","B43","(Labour)"
"176","Dudley South","E08000027",160,78.5,"00CR","Dudley","E14000672","B44","(Conservative)"
"177","Dulwich and West Norwood","E09000022",234,77.8,"00AY","Lambeth","E14000673","B45","(Labour)"
"178","Dulwich and West Norwood","E09000028",237,77.6,"00BE","Southwark","E14000673","B45","(Labour)"
"179","Ealing Central and Acton","E09000009",248,78.8,"00AJ","Ealing","E14000674","B46","(Conservative)"
"180","Ealing North","E09000009",248,78.8,"00AJ","Ealing","E14000675","B47","(Labour)"
"181","Easington","E06000047",9,77.6,"00EJ","County Durham","E14000677","B49","(Labour)"
"182","East Devon","E07000041",351,79.2,"18UC","Exeter","E14000678","B50","(Conservative)"
"183","East Devon","E07000040",350,80.8,"18UB","East Devon","E14000678","B50","(Conservative)"
"184","East Ham","E09000025",236,77.3,"00BB","Newham","E14000679","B51","(Labour)"
"185","East Hampshire","E07000085",287,80.6,"24UC","East Hampshire","E14000680","B52","(Conservative)"
"186","East Surrey","E07000211",321,80.3,"43UF","Reigate and Banstead","E14000681","B53","(Conservative)"
"187","East Surrey","E07000215",325,80,"43UK","Tandridge","E14000681","B53","(Conservative)"
"188","East Worthing and Shoreham","E07000229",335,78.1,"45UH","Worthing","E14000682","B54","(Conservative)"
"189","East Worthing and Shoreham","E07000223",329,79.5,"45UB","Adur","E14000682","B54","(Conservative)"
"190","East Yorkshire","E06000011",67,79.2,"00FB","East Riding of Yorkshire","E14000683","B55","(Conservative)"
"191","Eastbourne","E07000065",284,80.4,"21UH","Wealden","E14000684","B56","(Liberal Democrat)"
"192","Eastbourne","E07000061",280,78.1,"21UC","Eastbourne","E14000684","B56","(Liberal Democrat)"
"193","Eastleigh","E07000086",288,81,"24UD","Eastleigh","E14000685","B57","(Liberal Democrat)"
"194","Eddisbury","E06000050",26,78.8,"00EW","Cheshire West and Chester","E14000686","B58","(Conservative)"
"195","Eddisbury","E06000049",25,80.1,"00EQ","Cheshire East","E14000686","B58","(Conservative)"
"196","Edmonton","E09000010",249,80.1,"00AK","Enfield","E14000687","B59","(Labour (Co-op))"
"197","Ellesmere Port and Neston","E06000050",26,78.8,"00EW","Cheshire West and Chester","E14000688","B60","(Labour)"
"198","Elmet and Rothwell","E08000035",89,77.8,"00DA","Leeds","E14000689","B61","(Conservative)"
"199","Eltham","E09000011",250,78,"00AL","Greenwich","E14000690","B62","(Labour)"
"200","Enfield North","E09000010",249,80.1,"00AK","Enfield","E14000691","B63","(Conservative)"
"201","Epping Forest","E07000072",192,79.7,"22UH","Epping Forest","E14000693","B65","(Conservative)"
"202","Epsom and Ewell","E07000208",318,81.3,"43UC","Epsom and Ewell","E14000694","B66","(Conservative)"
"203","Epsom and Ewell","E07000210",320,81,"43UE","Mole Valley","E14000694","B66","(Conservative)"
"204","Epsom and Ewell","E07000211",321,80.3,"43UF","Reigate and Banstead","E14000694","B66","(Conservative)"
"205","Erewash","E07000036",101,79.3,"17UG","Erewash","E14000695","B67","(Conservative)"
"206","Erith and Thamesmead","E09000004",244,79.9,"00AD","Bexley","E14000696","B68","(Labour)"
"207","Erith and Thamesmead","E09000011",250,78,"00AL","Greenwich","E14000696","B68","(Labour)"
"208","Esher and Walton","E07000207",317,81,"43UB","Elmbridge","E14000697","B69","(Conservative)"
"209","Exeter","E07000041",351,79.2,"18UC","Exeter","E14000698","B70","(Labour)"
"210","Fareham","E07000087",289,80.3,"24UE","Fareham","E14000699","B71","(Conservative)"
"211","Faversham and Mid Kent","E07000110",303,79.4,"29UH","Maidstone","E14000700","B72","(Conservative)"
"212","Faversham and Mid Kent","E07000113",306,78.8,"29UM","Swale","E14000700","B72","(Conservative)"
"213","Feltham and Heston","E09000018",254,79,"00AT","Hounslow","E14000701","B73","(Labour (Co-op))"
"214","Filton and Bradley Stoke","E06000025",345,80.6,"00HD","South Gloucestershire","E14000702","B74","(Conservative)"
"215","Finchley and Golders Green","E09000003",243,81.1,"00AC","Barnet","E14000703","B75","(Conservative)"
"216","Folkestone and Hythe","E07000112",305,78.7,"29UL","Shepway","E14000704","B76","(Conservative)"
"217","Folkestone and Hythe","E07000105",298,80.7,"29UB","Ashford","E14000704","B76","(Conservative)"
"218","Forest of Dean","E07000080",368,78.9,"23UD","Forest of Dean","E14000705","B77","(Conservative)"
"219","Forest of Dean","E07000083",371,79.5,"23UG","Tewkesbury","E14000705","B77","(Conservative)"
"220","Fylde","E07000119",50,78.3,"30UF","Fylde","E14000706","B78","(Conservative)"
"221","Fylde","E07000123",54,76.8,"30UK","Preston","E14000706","B78","(Conservative)"
"222","Gainsborough","E07000142",120,78.7,"32UH","West Lindsey","E14000707","B79","(Conservative)"
"223","Gainsborough","E07000137",115,77.2,"32UC","East Lindsey","E14000707","B79","(Conservative)"
"224","Garston and Halewood","E08000012",62,75.7,"00BY","Liverpool","E14000708","B80","(Labour)"
"225","Garston and Halewood","E08000011",61,76,"00BX","Knowsley","E14000708","B80","(Labour)"
"226","Gateshead","E08000020",17,76.7,"00CH","Gateshead","E14000709","B81","(Labour)"
"227","Gedling","E07000173",133,79.9,"37UE","Gedling","E14000710","B82","(Labour)"
"228","Gillingham and Rainham","E06000035",265,78.1,"00LC","Medway","E14000711","B83","(Conservative)"
"229","Gloucester","E07000081",369,77.4,"23UE","Gloucester","E14000712","B84","(Conservative)"
"230","Gosport","E07000088",290,78.4,"24UF","Gosport","E14000713","B85","(Conservative)"
"231","Gosport","E07000087",289,80.3,"24UE","Fareham","E14000713","B85","(Conservative)"
"232","Grantham and Stamford","E07000141",119,79.6,"32UG","South Kesteven","E14000714","B86","(Conservative)"
"233","Gravesham","E07000109",302,78.9,"29UG","Gravesham","E14000715","B87","(Conservative)"
"234","Great Grimsby","E06000012",69,77.3,"00FC","North East Lincolnshire","E14000716","B88","(Labour)"
"235","Great Yarmouth","E07000145",212,77.3,"33UD","Great Yarmouth","E14000717","B89","(Conservative)"
"236","Greenwich and Woolwich","E09000011",250,78,"00AL","Greenwich","E14000718","B90","(Labour)"
"237","Guildford","E07000216",326,81.4,"43UL","Waverley","E14000719","B91","(Conservative)"
"238","Guildford","E07000209",319,81.5,"43UD","Guildford","E14000719","B91","(Conservative)"
"239","Hackney North and Stoke Newington","E09000012",229,77.1,"00AM","Hackney","E14000720","B92","(Labour)"
"240","Hackney South and Shoreditch","E09000012",229,77.1,"00AM","Hackney","E14000721","B93","(Labour (Co-op))"
"241","Halesowen and Rowley Regis","E08000028",161,76.4,"00CS","Sandwell","E14000722","B94","(Conservative)"
"242","Halesowen and Rowley Regis","E08000027",160,78.5,"00CR","Dudley","E14000722","B94","(Conservative)"
"243","Halifax","E08000033",87,77,"00CY","Calderdale","E14000723","B95","(Labour (Co-op))"
"244","Haltemprice and Howden","E06000011",67,79.2,"00FB","East Riding of Yorkshire","E14000724","B96","(Conservative)"
"245","Halton","E06000006",27,76.5,"00ET","Halton","E14000725","B97","(Labour)"
"246","Hammersmith","E09000013",230,78.5,"00AN","Hammersmith and Fulham","E14000726","B98","(Labour)"
"247","Hampstead and Kilburn","E09000005",245,79.5,"00AE","Brent","E14000727","B99","(Labour)"
"248","Hampstead and Kilburn","E09000007",227,80,"00AG","Camden","E14000727","B99","(Labour)"
"249","Harborough","E07000131",108,79.6,"31UD","Harborough","E14000728","C01","(Conservative)"
"250","Harborough","E07000135",112,79.3,"31UJ","Oadby and Wigston","E14000728","C01","(Conservative)"
"251","Harlow","E07000072",192,79.7,"22UH","Epping Forest","E14000729","C02","(Conservative)"
"252","Harlow","E07000073",193,77.4,"22UJ","Harlow","E14000729","C02","(Conservative)"
"253","Harrogate and Knaresborough","E07000165",75,80.1,"36UD","Harrogate","E14000730","C03","(Conservative)"
"254","Harrow East","E09000015",251,81.6,"00AQ","Harrow","E14000731","C04","(Conservative)"
"255","Harrow West","E09000015",251,81.6,"00AQ","Harrow","E14000732","C05","(Labour (Co-op))"
"256","Hartlepool","E06000001",11,76.7,"00EB","Hartlepool","E14000733","C06","(Labour)"
"257","Harwich and North Essex","E07000071",191,79.2,"22UG","Colchester","E14000734","C07","(Conservative)"
"258","Harwich and North Essex","E07000076",196,77.4,"22UN","Tendring","E14000734","C07","(Conservative)"
"259","Hastings and Rye","E07000064",283,79.4,"21UG","Rother","E14000735","C08","(Conservative)"
"260","Hastings and Rye","E07000062",281,76.8,"21UD","Hastings","E14000735","C08","(Conservative)"
"261","Havant","E07000090",292,79,"24UH","Havant","E14000736","C09","(Conservative)"
"262","Hayes and Harlington","E09000017",253,79.5,"00AS","Hillingdon","E14000737","C10","(Labour)"
"263","Hazel Grove","E08000007",43,79.4,"00BS","Stockport","E14000738","C11","(Liberal Democrat)"
"264","Hemel Hempstead","E07000096",200,79.7,"26UC","Dacorum","E14000739","C12","(Conservative)"
"265","Hemsworth","E08000036",90,77.4,"00DB","Wakefield","E14000740","C13","(Labour)"
"266","Hendon","E09000003",243,81.1,"00AC","Barnet","E14000741","C14","(Conservative)"
"267","Henley","E07000179",313,80.5,"38UD","South Oxfordshire","E14000742","C15","(Conservative)"
"268","Henley","E07000177",311,79.6,"38UB","Cherwell","E14000742","C15","(Conservative)"
"269","Hereford and South Herefordshire","E06000019",138,79.2,"00GA","Herefordshire, County of","E14000743","C16","(Conservative)"
"270","Hertford and Stortford","E07000097",201,80.5,"26UD","East Hertfordshire","E14000744","C17","(Conservative)"
"271","Hertsmere","E07000098",202,80,"26UE","Hertsmere","E14000745","C18","(Conservative)"
"272","Hexham","E06000048",13,78.4,"00EM","Northumberland","E14000746","C19","(Conservative)"
"273","Heywood and Middleton","E08000005",41,76.3,"00BQ","Rochdale","E14000747","C20","(Labour)"
"274","High Peak","E07000037",102,79.3,"17UH","High Peak","E14000748","C21","(Conservative)"
"275","Hitchin and Harpenden","E07000100",204,81.2,"26UG","St Albans","E14000749","C22","(Conservative)"
"276","Hitchin and Harpenden","E07000099",203,79.4,"26UF","North Hertfordshire","E14000749","C22","(Conservative)"
"277","Holborn and St Pancras","E09000007",227,80,"00AG","Camden","E14000750","C23","(Labour)"
"278","Hornchurch and Upminster","E09000016",252,78.9,"00AR","Havering","E14000751","C24","(Conservative)"
"279","Hornsey and Wood Green","E09000014",231,78.9,"00AP","Haringey","E14000752","C25","(Liberal Democrat)"
"280","Horsham","E07000228",334,81.4,"45UG","Mid Sussex","E14000753","C26","(Conservative)"
"281","Horsham","E07000227",333,80.9,"45UF","Horsham","E14000753","C26","(Conservative)"
"282","Houghton and Sunderland South","E08000024",21,76.6,"00CM","Sunderland","E14000754","C27","(Labour)"
"283","Hove","E06000043",263,78.2,"00ML","Brighton and Hove","E14000755","C28","(Conservative)"
"284","Huddersfield","E08000034",88,77.9,"00CZ","Kirklees","E14000756","C29","(Labour (Co-op))"
"285","Huntingdon","E07000011",183,80.4,"12UE","Huntingdonshire","E14000757","C30","(Conservative)"
"286","Hyndburn","E07000120",51,75.7,"30UG","Hyndburn","E14000758","C31","(Labour)"
"287","Hyndburn","E07000125",56,76.9,"30UM","Rossendale","E14000758","C31","(Labour)"
"288","Ilford North","E09000026",257,79.9,"00BC","Redbridge","E14000759","C32","(Conservative)"
"289","Ilford South","E09000026",257,79.9,"00BC","Redbridge","E14000760","C33","(Labour (Co-op))"
"290","Ipswich","E07000202",220,78.7,"42UD","Ipswich","E14000761","C34","(Conservative)"
"291","Isle of Wight","E06000046",264,79.4,"00MW","Isle of Wight","E14000762","C35","(Conservative)"
"292","Islington North","E09000019",232,77.3,"00AU","Islington","E14000763","C36","(Labour)"
"293","Islington South and Finsbury","E09000019",232,77.3,"00AU","Islington","E14000764","C37","(Labour)"
"294","Jarrow","E08000020",17,76.7,"00CH","Gateshead","E14000765","C38","(Labour)"
"295","Jarrow","E08000023",20,76.2,"00CL","South Tyneside","E14000765","C38","(Labour)"
"296","Keighley","E08000032",86,77.2,"00CX","Bradford","E14000766","C39","(Conservative)"
"297","Kenilworth and Southam","E07000222",156,79.9,"44UF","Warwick","E14000767","C40","(Conservative)"
"298","Kenilworth and Southam","E07000221",155,80.3,"44UE","Stratford-on-Avon","E14000767","C40","(Conservative)"
"299","Kenilworth and Southam","E07000220",154,79.6,"44UD","Rugby","E14000767","C40","(Conservative)"
"300","Kensington","E09000020",233,81.5,"00AW","Kensington and Chelsea","E14000768","C41","(Independent)"
"301","Kettering","E07000153",125,78.5,"34UE","Kettering","E14000769","C42","(Conservative)"
"302","Kingston and Surbiton","E09000021",255,80.8,"00AX","Kingston upon Thames","E14000770","C43","(Liberal Democrat)"
"303","Kingston upon Hull East","E06000010",68,76.2,"00FA","Kingston upon Hull, City of","E14000771","C44","(Labour)"
"304","Kingston upon Hull North","E06000010",68,76.2,"00FA","Kingston upon Hull, City of","E14000772","C45","(Labour)"
"305","Kingston upon Hull West and Hessle","E06000010",68,76.2,"00FA","Kingston upon Hull, City of","E14000773","C46","(Labour)"
"306","Kingston upon Hull West and Hessle","E06000011",67,79.2,"00FB","East Riding of Yorkshire","E14000773","C46","(Labour)"
"307","Kingswood","E06000025",345,80.6,"00HD","South Gloucestershire","E14000774","C47","(Conservative)"
"308","Knowsley","E08000011",61,76,"00BX","Knowsley","E14000775","C48","(Labour)"
"309","Lancaster and Fleetwood","E07000128",59,77.5,"30UQ","Wyre","E14000776","C49","(Conservative)"
"310","Lancaster and Fleetwood","E07000121",52,76.8,"30UH","Lancaster","E14000776","C49","(Conservative)"
"311","Leeds Central","E08000035",89,77.8,"00DA","Leeds","E14000777","C50","(Labour)"
"312","Leeds East","E08000035",89,77.8,"00DA","Leeds","E14000778","C51","(Labour)"
"313","Leeds North East","E08000035",89,77.8,"00DA","Leeds","E14000779","C52","(Labour)"
"314","Leeds North West","E08000035",89,77.8,"00DA","Leeds","E14000780","C53","(Liberal Democrat)"
"315","Leeds West","E08000035",89,77.8,"00DA","Leeds","E14000781","C54","(Labour)"
"316","Leicester East","E06000016",93,76.6,"00FN","Leicester","E14000782","C55","(Labour)"
"317","Leicester South","E06000016",93,76.6,"00FN","Leicester","E14000783","C56","(Labour)"
"318","Leicester West","E06000016",93,76.6,"00FN","Leicester","E14000784","C57","(Labour)"
"319","Leigh","E08000010",46,77,"00BW","Wigan","E14000785","C58","(Labour)"
"320","Lewes","E07000065",284,80.4,"21UH","Wealden","E14000786","C59","(Liberal Democrat)"
"321","Lewes","E07000063",282,80.3,"21UF","Lewes","E14000786","C59","(Liberal Democrat)"
"322","Lewisham East","E09000023",235,77.8,"00AZ","Lewisham","E14000787","C60","(Labour)"
"323","Lewisham West and Penge","E09000006",246,80.6,"00AF","Bromley","E14000788","C61","(Labour)"
"324","Lewisham West and Penge","E09000023",235,77.8,"00AZ","Lewisham","E14000788","C61","(Labour)"
"325","Leyton and Wanstead","E09000026",257,79.9,"00BC","Redbridge","E14000790","C63","(Labour)"
"326","Leyton and Wanstead","E09000031",260,78.7,"00BH","Waltham Forest","E14000790","C63","(Labour)"
"327","Lichfield","E07000194",145,79.2,"41UD","Lichfield","E14000791","C64","(Conservative)"
"328","Lichfield","E07000193",144,77.8,"41UC","East Staffordshire","E14000791","C64","(Conservative)"
"329","Lincoln","E07000138",116,76.9,"32UD","Lincoln","E14000792","C65","(Conservative)"
"330","Lincoln","E07000139",117,80.1,"32UE","North Kesteven","E14000792","C65","(Conservative)"
"331","Loughborough","E07000130",107,79.1,"31UC","Charnwood","E14000797","C70","(Conservative)"
"332","Louth and Horncastle","E07000137",115,77.2,"32UC","East Lindsey","E14000798","C71","(Conservative)"
"333","Ludlow","E06000051",139,79.5,"00GG","Shropshire","E14000799","C72","(Conservative)"
"334","Luton North","E06000032",175,77.4,"00KA","Luton","E14000800","C73","(Labour)"
"335","Luton South","E06000056",174,80.1,"00KC","Central Bedfordshire","E14000801","C74","(Labour (Co-op))"
"336","Luton South","E06000032",175,77.4,"00KA","Luton","E14000801","C74","(Labour (Co-op))"
"337","Macclesfield","E06000049",25,80.1,"00EQ","Cheshire East","E14000802","C75","(Conservative)"
"338","Maidenhead","E06000041",273,81,"00MF","Wokingham","E14000803","C76","(Conservative)"
"339","Maidenhead","E06000040",272,80.5,"00ME","Windsor and Maidenhead","E14000803","C76","(Conservative)"
"340","Maidstone and The Weald","E07000110",303,79.4,"29UH","Maidstone","E14000804","C77","(Conservative)"
"341","Maidstone and The Weald","E07000116",309,80.9,"29UQ","Tunbridge Wells","E14000804","C77","(Conservative)"
"342","Makerfield","E08000010",46,77,"00BW","Wigan","E14000805","C78","(Labour)"
"343","Maldon","E07000070",190,80.3,"22UF","Chelmsford","E14000806","C79","(Conservative)"
"344","Maldon","E07000074",194,79.7,"22UK","Maldon","E14000806","C79","(Conservative)"
"345","Manchester Central","E08000003",39,74.5,"00BN","Manchester","E14000807","C80","(Labour)"
"346","Mansfield","E07000174",134,77.6,"37UF","Mansfield","E14000810","C83","(Labour)"
"347","Meon Valley","E07000085",287,80.6,"24UC","East Hampshire","E14000811","C84","(Conservative)"
"348","Meon Valley","E07000090",292,79,"24UH","Havant","E14000811","C84","(Conservative)"
"349","Meon Valley","E07000094",296,81.4,"24UP","Winchester","E14000811","C84","(Conservative)"
"350","Meriden","E08000029",162,80.2,"00CT","Solihull","E14000812","C85","(Conservative)"
"351","Mid Bedfordshire","E06000056",174,80.1,"00KC","Central Bedfordshire","E14000813","C86","(Conservative)"
"352","Mid Bedfordshire","E06000055",173,78.8,"00KB","Bedford","E14000813","C86","(Conservative)"
"353","Mid Derbyshire","E07000036",101,79.3,"17UG","Erewash","E14000814","C87","(Conservative)"
"354","Mid Derbyshire","E06000015",92,78.1,"00FK","Derby","E14000814","C87","(Conservative)"
"355","Mid Derbyshire","E07000032",97,78.6,"17UB","Amber Valley","E14000814","C87","(Conservative)"
"356","Mid Dorset and North Poole","E07000049",360,82.3,"19UD","East Dorset","E14000815","C88","(Liberal Democrat)"
"357","Mid Dorset and North Poole","E07000051",362,79.7,"19UG","Purbeck","E14000815","C88","(Liberal Democrat)"
"358","Mid Dorset and North Poole","E06000029",344,79.6,"00HP","Poole","E14000815","C88","(Liberal Democrat)"
"359","Mid Norfolk","E07000149",216,80.8,"33UH","South Norfolk","E14000816","C89","(Conservative)"
"360","Mid Norfolk","E07000143",210,79.5,"33UB","Breckland","E14000816","C89","(Conservative)"
"361","Mid Sussex","E07000228",334,81.4,"45UG","Mid Sussex","E14000817","C90","(Conservative)"
"362","Mid Worcestershire","E07000238",170,80.1,"47UF","Wychavon","E14000818","C91","(Conservative)"
"363","Middlesbrough","E06000002",12,75.7,"00EC","Middlesbrough","E14000819","C92","(Labour)"
"364","Middlesbrough South and East Cleveland","E06000003",14,78.1,"00EE","Redcar and Cleveland","E14000820","C93","(Labour)"
"365","Middlesbrough South and East Cleveland","E06000002",12,75.7,"00EC","Middlesbrough","E14000820","C93","(Labour)"
"366","Milton Keynes North","E06000042",266,78.3,"00MG","Milton Keynes","E14000821","C94","(Conservative)"
"367","Milton Keynes South","E06000042",266,78.3,"00MG","Milton Keynes","E14000822","C95","(Conservative)"
"368","Mitcham and Morden","E09000024",256,79.7,"00BA","Merton","E14000823","C96","(Labour)"
"369","Mole Valley","E07000209",319,81.5,"43UD","Guildford","E14000824","C97","(Conservative)"
"370","Mole Valley","E07000210",320,81,"43UE","Mole Valley","E14000824","C97","(Conservative)"
"371","Morecambe and Lunesdale","E07000121",52,76.8,"30UH","Lancaster","E14000825","C98","(Conservative)"
"372","Morley and Outwood","E08000035",89,77.8,"00DA","Leeds","E14000826","C99","(Labour (Co-op))"
"373","Morley and Outwood","E08000036",90,77.4,"00DB","Wakefield","E14000826","C99","(Labour (Co-op))"
"374","New Forest East","E07000091",293,81.4,"24UJ","New Forest","E14000827","D01","(Conservative)"
"375","New Forest West","E07000091",293,81.4,"24UJ","New Forest","E14000828","D02","(Conservative)"
"376","Newark","E07000171",131,77.9,"37UC","Bassetlaw","E14000829","D03","(Conservative)"
"377","Newark","E07000176",136,80.3,"37UJ","Rushcliffe","E14000829","D03","(Conservative)"
"378","Newark","E07000175",135,78.7,"37UG","Newark and Sherwood","E14000829","D03","(Conservative)"
"379","Newbury","E06000037",271,80.3,"00MB","West Berkshire","E14000830","D04","(Conservative)"
"380","Newcastle upon Tyne Central","E08000021",18,77.1,"00CJ","Newcastle upon Tyne","E14000831","D05","(Labour)"
"381","Newcastle upon Tyne East","E08000021",18,77.1,"00CJ","Newcastle upon Tyne","E14000832","D06","(Labour)"
"382","Newcastle upon Tyne North","E08000021",18,77.1,"00CJ","Newcastle upon Tyne","E14000833","D07","(Labour)"
"383","Newcastle-under-Lyme","E07000195",146,78.3,"41UE","Newcastle-under-Lyme","E14000834","D08","(Labour)"
"384","Newton Abbot","E07000045",355,79.5,"18UH","Teignbridge","E14000835","D09","(Conservative)"
"385","North Cornwall","E06000052",340,79.2,"00HE","Cornwall","E14000837","D11","(Liberal Democrat)"
"386","North Devon","E07000043",353,79,"18UE","North Devon","E14000838","D12","(Liberal Democrat)"
"387","North Dorset","E07000049",360,82.3,"19UD","East Dorset","E14000839","D13","(Conservative)"
"388","North Dorset","E07000050",361,80.8,"19UE","North Dorset","E14000839","D13","(Conservative)"
"389","North Durham","E06000047",9,77.6,"00EJ","County Durham","E14000840","D14","(Labour)"
"390","North East Bedfordshire","E06000056",174,80.1,"00KC","Central Bedfordshire","E14000841","D15","(Conservative)"
"391","North East Bedfordshire","E06000055",173,78.8,"00KB","Bedford","E14000841","D15","(Conservative)"
"392","North East Cambridgeshire","E07000009",181,80.8,"12UC","East Cambridgeshire","E14000842","D16","(Conservative)"
"393","North East Cambridgeshire","E07000010",182,78.4,"12UD","Fenland","E14000842","D16","(Conservative)"
"394","North East Derbyshire","E07000034",99,77.1,"17UD","Chesterfield","E14000843","D17","(Labour)"
"395","North East Derbyshire","E07000038",103,79,"17UJ","North East Derbyshire","E14000843","D17","(Labour)"
"396","North East Hampshire","E07000089",291,82.2,"24UG","Hart","E14000844","D18","(Conservative)"
"397","North East Hampshire","E07000084",286,80.3,"24UB","Basingstoke and Deane","E14000844","D18","(Conservative)"
"398","North East Hertfordshire","E07000099",203,79.4,"26UF","North Hertfordshire","E14000845","D19","(Conservative)"
"399","North East Hertfordshire","E07000097",201,80.5,"26UD","East Hertfordshire","E14000845","D19","(Conservative)"
"400","North East Somerset","E06000022",337,80.1,"00HA","Bath and North East Somerset","E14000846","D20","(Conservative)"
"401","North Herefordshire","E06000019",138,79.2,"00GA","Herefordshire, County of","E14000847","D21","(Conservative)"
"402","North Norfolk","E07000147",214,79.8,"33UF","North Norfolk","E14000848","D22","(Liberal Democrat)"
"403","North Shropshire","E06000051",139,79.5,"00GG","Shropshire","E14000849","D23","(Conservative)"
"404","North Somerset","E06000024",342,79.1,"00HC","North Somerset","E14000850","D24","(Conservative)"
"405","North Swindon","E06000030",346,78.8,"00HX","Swindon","E14000851","D25","(Conservative)"
"406","North Thanet","E07000114",307,77,"29UN","Thanet","E14000852","D26","(Conservative)"
"407","North Thanet","E07000106",299,79.6,"29UC","Canterbury","E14000852","D26","(Conservative)"
"408","North Tyneside","E08000022",19,77.7,"00CK","North Tyneside","E14000853","D27","(Labour)"
"409","North Warwickshire","E07000218",152,77.9,"44UB","North Warwickshire","E14000854","D28","(Conservative)"
"410","North Warwickshire","E07000219",153,77.6,"44UC","Nuneaton and Bedworth","E14000854","D28","(Conservative)"
"411","North West Cambridgeshire","E07000011",183,80.4,"12UE","Huntingdonshire","E14000855","D29","(Conservative)"
"412","North West Cambridgeshire","E06000031",176,77.4,"00JA","Peterborough","E14000855","D29","(Conservative)"
"413","North West Durham","E06000047",9,77.6,"00EJ","County Durham","E14000856","D30","(Labour)"
"414","North West Hampshire","E07000093",295,80.2,"24UN","Test Valley","E14000857","D31","(Conservative)"
"415","North West Hampshire","E07000084",286,80.3,"24UB","Basingstoke and Deane","E14000857","D31","(Conservative)"
"416","North West Leicestershire","E07000134",111,78.7,"31UH","North West Leicestershire","E14000858","D32","(Conservative)"
"417","North West Norfolk","E07000146",213,79,"33UE","King's Lynn and West Norfolk","E14000859","D33","(Conservative)"
"418","North Wiltshire","E06000054",348,80.1,"00HY","Wiltshire","E14000860","D34","(Conservative)"
"419","Northampton North","E07000154",126,76.9,"34UF","Northampton","E14000861","D35","(Conservative)"
"420","Northampton South","E07000154",126,76.9,"34UF","Northampton","E14000862","D36","(Conservative)"
"421","Norwich North","E07000148",215,78.3,"33UG","Norwich","E14000863","D37","(Conservative)"
"422","Norwich North","E07000144",211,80.9,"33UC","Broadland","E14000863","D37","(Conservative)"
"423","Norwich South","E07000149",216,80.8,"33UH","South Norfolk","E14000864","D38","(Liberal Democrat)"
"424","Norwich South","E07000148",215,78.3,"33UG","Norwich","E14000864","D38","(Liberal Democrat)"
"425","Nottingham East","E06000018",94,76.5,"00FY","Nottingham","E14000865","D39","(Labour (Co-op))"
"426","Nottingham North","E06000018",94,76.5,"00FY","Nottingham","E14000866","D40","(Labour)"
"427","Nottingham South","E06000018",94,76.5,"00FY","Nottingham","E14000867","D41","(Labour)"
"428","Nuneaton","E07000218",152,77.9,"44UB","North Warwickshire","E14000868","D42","(Conservative)"
"429","Nuneaton","E07000219",153,77.6,"44UC","Nuneaton and Bedworth","E14000868","D42","(Conservative)"
"430","Old Bexley and Sidcup","E09000004",244,79.9,"00AD","Bexley","E14000869","D43","(Conservative)"
"431","Oldham East and Saddleworth","E08000004",40,76.6,"00BP","Oldham","E14000870","D44","(Labour)"
"432","Oldham West and Royton","E08000004",40,76.6,"00BP","Oldham","E14000871","D45","(Labour)"
"433","Orpington","E09000006",246,80.6,"00AF","Bromley","E14000872","D46","(Conservative)"
"434","Oxford East","E07000178",312,78.3,"38UC","Oxford","E14000873","D47","(Labour)"
"435","Oxford West and Abingdon","E07000180",314,80.8,"38UE","Vale of White Horse","E14000874","D48","(Conservative)"
"436","Oxford West and Abingdon","E07000177",311,79.6,"38UB","Cherwell","E14000874","D48","(Conservative)"
"437","Oxford West and Abingdon","E07000178",312,78.3,"38UC","Oxford","E14000874","D48","(Conservative)"
"438","Pendle","E07000122",53,77.1,"30UJ","Pendle","E14000875","D49","(Conservative)"
"439","Penistone and Stocksbridge","E08000019",84,78.4,"00CG","Sheffield","E14000876","D50","(Labour)"
"440","Penistone and Stocksbridge","E08000016",81,77.4,"00CC","Barnsley","E14000876","D50","(Labour)"
"441","Penrith and The Border","E07000028",32,77.9,"16UD","Carlisle","E14000877","D51","(Conservative)"
"442","Penrith and The Border","E07000030",34,79.4,"16UF","Eden","E14000877","D51","(Conservative)"
"443","Penrith and The Border","E07000026",30,77.5,"16UB","Allerdale","E14000877","D51","(Conservative)"
"444","Peterborough","E06000031",176,77.4,"00JA","Peterborough","E14000878","D52","(Conservative)"
"445","Poole","E06000029",344,79.6,"00HP","Poole","E14000881","D55","(Conservative)"
"446","Poplar and Limehouse","E09000030",238,76.5,"00BG","Tower Hamlets","E14000882","D56","(Labour)"
"447","Portsmouth North","E06000044",267,77.7,"00MR","Portsmouth","E14000883","D57","(Conservative)"
"448","Portsmouth South","E06000044",267,77.7,"00MR","Portsmouth","E14000884","D58","(Independent)"
"449","Preston","E07000123",54,76.8,"30UK","Preston","E14000885","D59","(Labour (Co-op))"
"450","Pudsey","E08000035",89,77.8,"00DA","Leeds","E14000886","D60","(Conservative)"
"451","Putney","E09000032",239,78.7,"00BJ","Wandsworth","E14000887","D61","(Conservative)"
"452","Rayleigh and Wickford","E07000075",195,80.5,"22UL","Rochford","E14000888","D62","(Conservative)"
"453","Rayleigh and Wickford","E07000066",186,79,"22UB","Basildon","E14000888","D62","(Conservative)"
"454","Reading East","E06000038",268,77.8,"00MC","Reading","E14000889","D63","(Conservative)"
"455","Reading East","E06000041",273,81,"00MF","Wokingham","E14000889","D63","(Conservative)"
"456","Reading West","E06000038",268,77.8,"00MC","Reading","E14000890","D64","(Conservative)"
"457","Reading West","E06000037",271,80.3,"00MB","West Berkshire","E14000890","D64","(Conservative)"
"458","Redcar","E06000003",14,78.1,"00EE","Redcar and Cleveland","E14000891","D65","(Liberal Democrat)"
"459","Redditch","E07000236",168,78.2,"47UD","Redditch","E14000892","D66","(Conservative)"
"460","Redditch","E07000238",170,80.1,"47UF","Wychavon","E14000892","D66","(Conservative)"
"461","Reigate","E07000211",321,80.3,"43UF","Reigate and Banstead","E14000893","D67","(Conservative)"
"462","Ribble Valley","E07000126",57,79.5,"30UN","South Ribble","E14000894","D68","(Conservative)"
"463","Ribble Valley","E07000124",55,79.6,"30UL","Ribble Valley","E14000894","D68","(Conservative)"
"464","Richmond (Yorks)","E07000166",76,79.3,"36UE","Richmondshire","E14000895","D69","(Conservative)"
"465","Richmond (Yorks)","E07000164",74,80.6,"36UC","Hambleton","E14000895","D69","(Conservative)"
"466","Richmond Park","E09000021",255,80.8,"00AX","Kingston upon Thames","E14000896","D70","(Conservative)"
"467","Richmond Park","E09000027",258,81.2,"00BD","Richmond upon Thames","E14000896","D70","(Conservative)"
"468","Rochdale","E08000005",41,76.3,"00BQ","Rochdale","E14000897","D71","(Labour)"
"469","Rochester and Strood","E06000035",265,78.1,"00LC","Medway","E14000898","D72","(UK Independence Party)"
"470","Rochford and Southend East","E07000075",195,80.5,"22UL","Rochford","E14000899","D73","(Conservative)"
"471","Rochford and Southend East","E06000033",177,79.2,"00KF","Southend-on-Sea","E14000899","D73","(Conservative)"
"472","Romford","E09000016",252,78.9,"00AR","Havering","E14000900","D74","(Conservative)"
"473","Romsey and Southampton North","E07000093",295,80.2,"24UN","Test Valley","E14000901","D75","(Conservative)"
"474","Romsey and Southampton North","E06000045",270,78.1,"00MS","Southampton","E14000901","D75","(Conservative)"
"475","Rossendale and Darwen","E07000125",56,76.9,"30UM","Rossendale","E14000902","D76","(Conservative)"
"476","Rossendale and Darwen","E06000008",23,75.9,"00EX","Blackburn with Darwen","E14000902","D76","(Conservative)"
"477","Rother Valley","E08000018",83,77.6,"00CF","Rotherham","E14000903","D77","(Labour)"
"478","Rotherham","E08000018",83,77.6,"00CF","Rotherham","E14000904","D78","(Labour)"
"479","Rugby","E07000219",153,77.6,"44UC","Nuneaton and Bedworth","E14000905","D79","(Conservative)"
"480","Rugby","E07000220",154,79.6,"44UD","Rugby","E14000905","D79","(Conservative)"
"481","Runnymede and Weybridge","E07000212",322,80.3,"43UG","Runnymede","E14000907","D81","(Conservative)"
"482","Runnymede and Weybridge","E07000207",317,81,"43UB","Elmbridge","E14000907","D81","(Conservative)"
"483","Rushcliffe","E07000176",136,80.3,"37UJ","Rushcliffe","E14000908","D82","(Conservative)"
"484","Rutland and Melton","E07000131",108,79.6,"31UD","Harborough","E14000909","D83","(Conservative)"
"485","Rutland and Melton","E06000017",95,79.9,"00FP","Rutland","E14000909","D83","(Conservative)"
"486","Rutland and Melton","E07000133",110,79.2,"31UG","Melton","E14000909","D83","(Conservative)"
"487","Saffron Walden","E07000070",190,80.3,"22UF","Chelmsford","E14000910","D84","(Conservative)"
"488","Saffron Walden","E07000077",197,81.1,"22UQ","Uttlesford","E14000910","D84","(Conservative)"
"489","Salford and Eccles","E08000006",42,75.6,"00BR","Salford","E14000911","D85","(Labour)"
"490","Salisbury","E06000054",348,80.1,"00HY","Wiltshire","E14000912","D86","(Conservative)"
"491","Scarborough and Whitby","E07000168",78,77.2,"36UG","Scarborough","E14000913","D87","(Conservative)"
"492","Scunthorpe","E06000013",70,77.8,"00FD","North Lincolnshire","E14000914","D88","(Labour)"
"493","Sedgefield","E06000047",9,77.6,"00EJ","County Durham","E14000915","D89","(Labour)"
"494","Sedgefield","E06000005",10,78.1,"00EH","Darlington","E14000915","D89","(Labour)"
"495","Sefton Central","E08000014",63,77.1,"00CA","Sefton","E14000916","D90","(Labour)"
"496","Selby and Ainsty","E07000165",75,80.1,"36UD","Harrogate","E14000917","D91","(Conservative)"
"497","Selby and Ainsty","E07000169",79,78.7,"36UH","Selby","E14000917","D91","(Conservative)"
"498","Sevenoaks","E07000111",304,80.9,"29UK","Sevenoaks","E14000918","D92","(Conservative)"
"499","Sheffield Central","E08000019",84,78.4,"00CG","Sheffield","E14000919","D93","(Labour)"
"500","Sheffield South East","E08000019",84,78.4,"00CG","Sheffield","E14000920","D94","(Labour)"
"501","Sherwood","E07000175",135,78.7,"37UG","Newark and Sherwood","E14000924","D98","(Conservative)"
"502","Sherwood","E07000173",133,79.9,"37UE","Gedling","E14000924","D98","(Conservative)"
"503","Sherwood","E07000170",130,77,"37UB","Ashfield","E14000924","D98","(Conservative)"
"504","Shipley","E08000032",86,77.2,"00CX","Bradford","E14000925","D99","(Conservative)"
"505","Shrewsbury and Atcham","E06000051",139,79.5,"00GG","Shropshire","E14000926","E01","(Conservative)"
"506","Sittingbourne and Sheppey","E07000113",306,78.8,"29UM","Swale","E14000927","E02","(Conservative)"
"507","Skipton and Ripon","E07000165",75,80.1,"36UD","Harrogate","E14000928","E03","(Conservative)"
"508","Skipton and Ripon","E07000163",73,79.7,"36UB","Craven","E14000928","E03","(Conservative)"
"509","Sleaford and North Hykeham","E07000139",117,80.1,"32UE","North Kesteven","E14000929","E04","(Conservative)"
"510","Sleaford and North Hykeham","E07000141",119,79.6,"32UG","South Kesteven","E14000929","E04","(Conservative)"
"511","Slough","E06000039",269,77.8,"00MD","Slough","E14000930","E05","(Labour)"
"512","Solihull","E08000029",162,80.2,"00CT","Solihull","E14000931","E06","(Liberal Democrat)"
"513","Somerton and Frome","E07000189",375,80.3,"40UD","South Somerset","E14000932","E07","(Liberal Democrat)"
"514","Somerton and Frome","E07000187",373,79.9,"40UB","Mendip","E14000932","E07","(Liberal Democrat)"
"515","South Basildon and East Thurrock","E07000066",186,79,"22UB","Basildon","E14000933","E08","(Conservative)"
"516","South Basildon and East Thurrock","E06000034",178,78.6,"00KG","Thurrock","E14000933","E08","(Conservative)"
"517","South Cambridgeshire","E07000008",180,79.3,"12UB","Cambridge","E14000934","E09","(Conservative)"
"518","South Cambridgeshire","E07000012",184,82.3,"12UG","South Cambridgeshire","E14000934","E09","(Conservative)"
"519","South Derbyshire","E07000039",104,78.8,"17UK","South Derbyshire","E14000935","E10","(Conservative)"
"520","South Dorset","E07000051",362,79.7,"19UG","Purbeck","E14000936","E11","(Conservative)"
"521","South Dorset","E07000052",363,80.3,"19UH","West Dorset","E14000936","E11","(Conservative)"
"522","South Dorset","E07000053",364,77.7,"19UJ","Weymouth and Portland","E14000936","E11","(Conservative)"
"523","South East Cambridgeshire","E07000012",184,82.3,"12UG","South Cambridgeshire","E14000937","E12","(Conservative)"
"524","South East Cambridgeshire","E07000009",181,80.8,"12UC","East Cambridgeshire","E14000937","E12","(Conservative)"
"525","South East Cornwall","E06000052",340,79.2,"00HE","Cornwall","E14000938","E13","(Conservative)"
"526","South Holland and The Deepings","E07000140",118,78.9,"32UF","South Holland","E14000939","E14","(Conservative)"
"527","South Holland and The Deepings","E07000141",119,79.6,"32UG","South Kesteven","E14000939","E14","(Conservative)"
"528","South Leicestershire","E07000131",108,79.6,"31UD","Harborough","E14000940","E15","(Conservative)"
"529","South Leicestershire","E07000129",106,80,"31UB","Blaby","E14000940","E15","(Conservative)"
"530","South Norfolk","E07000149",216,80.8,"33UH","South Norfolk","E14000941","E16","(Conservative)"
"531","South Northamptonshire","E07000155",127,81.5,"34UG","South Northamptonshire","E14000942","E17","(Conservative)"
"532","South Northamptonshire","E07000154",126,76.9,"34UF","Northampton","E14000942","E17","(Conservative)"
"533","South Ribble","E07000126",57,79.5,"30UN","South Ribble","E14000943","E18","(Conservative)"
"534","South Ribble","E07000118",49,78.4,"30UE","Chorley","E14000943","E18","(Conservative)"
"535","South Ribble","E07000127",58,78,"30UP","West Lancashire","E14000943","E18","(Conservative)"
"536","South Shields","E08000023",20,76.2,"00CL","South Tyneside","E14000944","E19","(Labour)"
"537","South Staffordshire","E07000196",147,79.5,"41UF","South Staffordshire","E14000945","E20","(Conservative)"
"538","South Suffolk","E07000200",218,81.3,"42UB","Babergh","E14000946","E21","(Conservative)"
"539","South Suffolk","E07000204",222,80.9,"42UF","St Edmundsbury","E14000946","E21","(Conservative)"
"540","South Swindon","E06000030",346,78.8,"00HX","Swindon","E14000947","E22","(Conservative)"
"541","South Thanet","E07000108",301,78.6,"29UE","Dover","E14000948","E23","(Conservative)"
"542","South Thanet","E07000114",307,77,"29UN","Thanet","E14000948","E23","(Conservative)"
"543","South West Bedfordshire","E06000056",174,80.1,"00KC","Central Bedfordshire","E14000949","E24","(Conservative)"
"544","South West Devon","E06000026",343,77.9,"00HG","Plymouth","E14000950","E25","(Conservative)"
"545","South West Devon","E07000044",354,80.7,"18UG","South Hams","E14000950","E25","(Conservative)"
"546","South West Hertfordshire","E07000102",206,79.6,"26UJ","Three Rivers","E14000951","E26","(Conservative)"
"547","South West Hertfordshire","E07000096",200,79.7,"26UC","Dacorum","E14000951","E26","(Conservative)"
"548","South West Norfolk","E07000143",210,79.5,"33UB","Breckland","E14000952","E27","(Conservative)"
"549","South West Norfolk","E07000146",213,79,"33UE","King's Lynn and West Norfolk","E14000952","E27","(Conservative)"
"550","South West Surrey","E07000216",326,81.4,"43UL","Waverley","E14000953","E28","(Conservative)"
"551","South West Wiltshire","E06000054",348,80.1,"00HY","Wiltshire","E14000954","E29","(Conservative)"
"552","Southend West","E06000033",177,79.2,"00KF","Southend-on-Sea","E14000957","E32","(Conservative)"
"553","Southport","E08000014",63,77.1,"00CA","Sefton","E14000958","E33","(Liberal Democrat)"
"554","Spelthorne","E07000213",323,79.4,"43UH","Spelthorne","E14000959","E34","(Conservative)"
"555","St Albans","E07000102",206,79.6,"26UJ","Three Rivers","E14000960","E35","(Conservative)"
"556","St Albans","E07000100",204,81.2,"26UG","St Albans","E14000960","E35","(Conservative)"
"557","St Austell and Newquay","E06000052",340,79.2,"00HE","Cornwall","E14000961","E36","(Liberal Democrat)"
"558","St Helens North","E08000013",64,77.5,"00BZ","St. Helens","E14000962","E37","(Labour)"
"559","St Helens South and Whiston","E08000011",61,76,"00BX","Knowsley","E14000963","E38","(Labour)"
"560","St Helens South and Whiston","E08000013",64,77.5,"00BZ","St. Helens","E14000963","E38","(Labour)"
"561","St Ives","E06000052",340,79.2,"00HE","Cornwall","E14000964","E39","(Liberal Democrat)"
"562","Stafford","E07000196",147,79.5,"41UF","South Staffordshire","E14000965","E40","(Conservative)"
"563","Stafford","E07000197",148,79.7,"41UG","Stafford","E14000965","E40","(Conservative)"
"564","Staffordshire Moorlands","E07000198",149,78.9,"41UH","Staffordshire Moorlands","E14000966","E41","(Conservative)"
"565","Staffordshire Moorlands","E07000195",146,78.3,"41UE","Newcastle-under-Lyme","E14000966","E41","(Conservative)"
"566","Stalybridge and Hyde","E08000008",44,75.8,"00BT","Tameside","E14000967","E42","(Labour (Co-op))"
"567","Stevenage","E07000097",201,80.5,"26UD","East Hertfordshire","E14000968","E43","(Conservative)"
"568","Stevenage","E07000099",203,79.4,"26UF","North Hertfordshire","E14000968","E43","(Conservative)"
"569","Stevenage","E07000101",205,78.9,"26UH","Stevenage","E14000968","E43","(Conservative)"
"570","Stockport","E08000007",43,79.4,"00BS","Stockport","E14000969","E44","(Labour)"
"571","Stockton North","E06000004",15,77.8,"00EF","Stockton-on-Tees","E14000970","E45","(Labour)"
"572","Stockton South","E06000004",15,77.8,"00EF","Stockton-on-Tees","E14000971","E46","(Conservative)"
"573","Stoke-on-Trent Central","E06000021",140,76.3,"00GL","Stoke-on-Trent","E14000972","E47","(Labour)"
"574","Stoke-on-Trent North","E07000195",146,78.3,"41UE","Newcastle-under-Lyme","E14000973","E48","(Labour)"
"575","Stoke-on-Trent North","E06000021",140,76.3,"00GL","Stoke-on-Trent","E14000973","E48","(Labour)"
"576","Stoke-on-Trent South","E06000021",140,76.3,"00GL","Stoke-on-Trent","E14000974","E49","(Labour)"
"577","Stone","E07000198",149,78.9,"41UH","Staffordshire Moorlands","E14000975","E50","(Conservative)"
"578","Stone","E07000195",146,78.3,"41UE","Newcastle-under-Lyme","E14000975","E50","(Conservative)"
"579","Stone","E07000197",148,79.7,"41UG","Stafford","E14000975","E50","(Conservative)"
"580","Stourbridge","E08000027",160,78.5,"00CR","Dudley","E14000976","E51","(Conservative)"
"581","Stratford-on-Avon","E07000221",155,80.3,"44UE","Stratford-on-Avon","E14000977","E52","(Conservative)"
"582","Streatham","E09000022",234,77.8,"00AY","Lambeth","E14000978","E53","(Labour)"
"583","Stretford and Urmston","E08000009",45,79.2,"00BU","Trafford","E14000979","E54","(Labour)"
"584","Stroud","E07000082",370,79.9,"23UF","Stroud","E14000980","E55","(Conservative)"
"585","Suffolk Coastal","E07000206",224,78.7,"42UH","Waveney","E14000981","E56","(Conservative)"
"586","Suffolk Coastal","E07000205",223,80,"42UG","Suffolk Coastal","E14000981","E56","(Conservative)"
"587","Sunderland Central","E08000024",21,76.6,"00CM","Sunderland","E14000982","E57","(Labour)"
"588","Surrey Heath","E07000209",319,81.5,"43UD","Guildford","E14000983","E58","(Conservative)"
"589","Surrey Heath","E07000214",324,80.4,"43UJ","Surrey Heath","E14000983","E58","(Conservative)"
"590","Sutton and Cheam","E09000029",259,80,"00BF","Sutton","E14000984","E59","(Liberal Democrat)"
"591","Sutton Coldfield","E08000025",158,77.3,"00CN","Birmingham","E14000985","E60","(Conservative)"
"592","Tamworth","E07000194",145,79.2,"41UD","Lichfield","E14000986","E61","(Conservative)"
"593","Tamworth","E07000199",150,78.7,"41UK","Tamworth","E14000986","E61","(Conservative)"
"594","Tatton","E06000050",26,78.8,"00EW","Cheshire West and Chester","E14000987","E62","(Conservative)"
"595","Tatton","E06000049",25,80.1,"00EQ","Cheshire East","E14000987","E62","(Conservative)"
"596","Taunton Deane","E07000190",376,79.2,"40UE","Taunton Deane","E14000988","E63","(Liberal Democrat)"
"597","Telford","E06000020",141,77.3,"00GF","Telford and Wrekin","E14000989","E64","(Labour)"
"598","Tewkesbury","E07000078",366,80,"23UB","Cheltenham","E14000990","E65","(Conservative)"
"599","Tewkesbury","E07000081",369,77.4,"23UE","Gloucester","E14000990","E65","(Conservative)"
"600","Tewkesbury","E07000083",371,79.5,"23UG","Tewkesbury","E14000990","E65","(Conservative)"
"601","The Cotswolds","E07000082",370,79.9,"23UF","Stroud","E14000991","E66","(Conservative)"
"602","The Cotswolds","E07000079",367,80.4,"23UC","Cotswold","E14000991","E66","(Conservative)"
"603","The Wrekin","E06000020",141,77.3,"00GF","Telford and Wrekin","E14000992","E67","(Conservative)"
"604","The Wrekin","E06000051",139,79.5,"00GG","Shropshire","E14000992","E67","(Conservative)"
"605","Thirsk and Malton","E07000168",78,77.2,"36UG","Scarborough","E14000993","E68","(Conservative)"
"606","Thirsk and Malton","E07000164",74,80.6,"36UC","Hambleton","E14000993","E68","(Conservative)"
"607","Thirsk and Malton","E07000167",77,79.9,"36UF","Ryedale","E14000993","E68","(Conservative)"
"608","Thornbury and Yate","E06000025",345,80.6,"00HD","South Gloucestershire","E14000994","E69","(Liberal Democrat)"
"609","Thurrock","E06000034",178,78.6,"00KG","Thurrock","E14000995","E70","(Conservative)"
"610","Tiverton and Honiton","E07000042",352,79.4,"18UD","Mid Devon","E14000996","E71","(Conservative)"
"611","Tiverton and Honiton","E07000040",350,80.8,"18UB","East Devon","E14000996","E71","(Conservative)"
"612","Tonbridge and Malling","E07000115",308,80,"29UP","Tonbridge and Malling","E14000997","E72","(Conservative)"
"613","Tonbridge and Malling","E07000111",304,80.9,"29UK","Sevenoaks","E14000997","E72","(Conservative)"
"614","Tooting","E09000032",239,78.7,"00BJ","Wandsworth","E14000998","E73","(Labour)"
"615","Torbay","E06000027",347,78.5,"00HH","Torbay","E14000999","E74","(Liberal Democrat)"
"616","Torridge and West Devon","E07000046",356,79.3,"18UK","Torridge","E14001000","E75","(Conservative)"
"617","Torridge and West Devon","E07000047",357,78.9,"18UL","West Devon","E14001000","E75","(Conservative)"
"618","Totnes","E07000044",354,80.7,"18UG","South Hams","E14001001","E76","(Conservative)"
"619","Totnes","E06000027",347,78.5,"00HH","Torbay","E14001001","E76","(Conservative)"
"620","Tottenham","E09000014",231,78.9,"00AP","Haringey","E14001002","E77","(Labour)"
"621","Truro and Falmouth","E06000052",340,79.2,"00HE","Cornwall","E14001003","E78","(Conservative)"
"622","Tunbridge Wells","E07000116",309,80.9,"29UQ","Tunbridge Wells","E14001004","E79","(Conservative)"
"623","Twickenham","E09000027",258,81.2,"00BD","Richmond upon Thames","E14001005","E80","(Liberal Democrat)"
"624","Tynemouth","E08000022",19,77.7,"00CK","North Tyneside","E14001006","E81","(Labour)"
"625","Uxbridge and South Ruislip","E09000017",253,79.5,"00AS","Hillingdon","E14001007","E82","(Conservative)"
"626","Vauxhall","E09000022",234,77.8,"00AY","Lambeth","E14001008","E83","(Labour)"
"627","Wakefield","E08000036",90,77.4,"00DB","Wakefield","E14001009","E84","(Labour)"
"628","Wallasey","E08000015",65,77.6,"00CB","Wirral","E14001010","E85","(Labour)"
"629","Walsall North","E08000030",163,77.5,"00CU","Walsall","E14001011","E86","(Labour)"
"630","Walsall South","E08000030",163,77.5,"00CU","Walsall","E14001012","E87","(Labour)"
"631","Walthamstow","E09000031",260,78.7,"00BH","Waltham Forest","E14001013","E88","(Labour (Co-op))"
"632","Wansbeck","E06000048",13,78.4,"00EM","Northumberland","E14001014","E89","(Labour)"
"633","Wantage","E07000180",314,80.8,"38UE","Vale of White Horse","E14001015","E90","(Conservative)"
"634","Wantage","E07000179",313,80.5,"38UD","South Oxfordshire","E14001015","E90","(Conservative)"
"635","Warley","E08000028",161,76.4,"00CS","Sandwell","E14001016","E91","(Labour)"
"636","Warrington North","E06000007",28,77.7,"00EU","Warrington","E14001017","E92","(Labour)"
"637","Warrington South","E06000007",28,77.7,"00EU","Warrington","E14001018","E93","(Conservative)"
"638","Warwick and Leamington","E07000222",156,79.9,"44UF","Warwick","E14001019","E94","(Conservative)"
"639","Washington and Sunderland West","E08000024",21,76.6,"00CM","Sunderland","E14001020","E95","(Labour)"
"640","Watford","E07000103",207,78.5,"26UK","Watford","E14001021","E96","(Conservative)"
"641","Watford","E07000102",206,79.6,"26UJ","Three Rivers","E14001021","E96","(Conservative)"
"642","Waveney","E07000206",224,78.7,"42UH","Waveney","E14001022","E97","(Conservative)"
"643","Wealden","E07000065",284,80.4,"21UH","Wealden","E14001023","E98","(Conservative)"
"644","Weaver Vale","E06000006",27,76.5,"00ET","Halton","E14001024","E99","(Conservative)"
"645","Weaver Vale","E06000050",26,78.8,"00EW","Cheshire West and Chester","E14001024","E99","(Conservative)"
"646","Wellingborough","E07000152",124,79.3,"34UD","East Northamptonshire","E14001025","F01","(Conservative)"
"647","Wellingborough","E07000156",128,79.3,"34UH","Wellingborough","E14001025","F01","(Conservative)"
"648","Wells","E07000188",374,80,"40UC","Sedgemoor","E14001026","F02","(Liberal Democrat)"
"649","Wells","E07000187",373,79.9,"40UB","Mendip","E14001026","F02","(Liberal Democrat)"
"650","Welwyn Hatfield","E07000104",208,79.4,"26UL","Welwyn Hatfield","E14001027","F03","(Conservative)"
"651","Wentworth and Dearne","E08000016",81,77.4,"00CC","Barnsley","E14001028","F04","(Labour)"
"652","Wentworth and Dearne","E08000018",83,77.6,"00CF","Rotherham","E14001028","F04","(Labour)"
"653","West Bromwich East","E08000028",161,76.4,"00CS","Sandwell","E14001029","F05","(Labour)"
"654","West Bromwich West","E08000028",161,76.4,"00CS","Sandwell","E14001030","F06","(Labour (Co-op))"
"655","West Dorset","E07000052",363,80.3,"19UH","West Dorset","E14001031","F07","(Conservative)"
"656","West Ham","E09000025",236,77.3,"00BB","Newham","E14001032","F08","(Labour)"
"657","West Lancashire","E07000127",58,78,"30UP","West Lancashire","E14001033","F09","(Labour)"
"658","West Suffolk","E07000204",222,80.9,"42UF","St Edmundsbury","E14001034","F10","(Conservative)"
"659","West Suffolk","E07000201",219,78.9,"42UC","Forest Heath","E14001034","F10","(Conservative)"
"660","West Worcestershire","E07000235",167,79.6,"47UC","Malvern Hills","E14001035","F11","(Conservative)"
"661","West Worcestershire","E07000238",170,80.1,"47UF","Wychavon","E14001035","F11","(Conservative)"
"662","Westminster North","E09000033",240,80.6,"00BK","Westminster","E14001036","F12","(Labour)"
"663","Westmorland and Lonsdale","E07000031",35,80.3,"16UG","South Lakeland","E14001037","F13","(Liberal Democrat)"
"664","Wigan","E08000010",46,77,"00BW","Wigan","E14001039","F15","(Labour)"
"665","Wimbledon","E09000024",256,79.7,"00BA","Merton","E14001040","F16","(Conservative)"
"666","Winchester","E07000086",288,81,"24UD","Eastleigh","E14001041","F17","(Conservative)"
"667","Winchester","E07000094",296,81.4,"24UP","Winchester","E14001041","F17","(Conservative)"
"668","Windsor","E06000039",269,77.8,"00MD","Slough","E14001042","F18","(Conservative)"
"669","Windsor","E06000040",272,80.5,"00ME","Windsor and Maidenhead","E14001042","F18","(Conservative)"
"670","Windsor","E06000036",262,80.2,"00MA","Bracknell Forest","E14001042","F18","(Conservative)"
"671","Wirral South","E08000015",65,77.6,"00CB","Wirral","E14001043","F19","(Labour)"
"672","Wirral West","E08000015",65,77.6,"00CB","Wirral","E14001044","F20","(Conservative)"
"673","Witham","E07000074",194,79.7,"22UK","Maldon","E14001045","F21","(Conservative)"
"674","Witham","E07000071",191,79.2,"22UG","Colchester","E14001045","F21","(Conservative)"
"675","Witham","E07000067",187,79.1,"22UC","Braintree","E14001045","F21","(Conservative)"
"676","Witney","E07000181",315,80.1,"38UF","West Oxfordshire","E14001046","F22","(Conservative)"
"677","Woking","E07000217",327,79.8,"43UM","Woking","E14001047","F23","(Conservative)"
"678","Woking","E07000209",319,81.5,"43UD","Guildford","E14001047","F23","(Conservative)"
"679","Wokingham","E06000041",273,81,"00MF","Wokingham","E14001048","F24","(Conservative)"
"680","Wokingham","E06000037",271,80.3,"00MB","West Berkshire","E14001048","F24","(Conservative)"
"681","Wolverhampton North East","E08000031",164,76.9,"00CW","Wolverhampton","E14001049","F25","(Labour)"
"682","Wolverhampton South East","E08000027",160,78.5,"00CR","Dudley","E14001050","F26","(Labour)"
"683","Wolverhampton South East","E08000031",164,76.9,"00CW","Wolverhampton","E14001050","F26","(Labour)"
"684","Wolverhampton South West","E08000031",164,76.9,"00CW","Wolverhampton","E14001051","F27","(Conservative)"
"685","Worcester","E07000237",169,78.1,"47UE","Worcester","E14001052","F28","(Conservative)"
"686","Workington","E07000026",30,77.5,"16UB","Allerdale","E14001053","F29","(Labour)"
"687","Worsley and Eccles South","E08000006",42,75.6,"00BR","Salford","E14001054","F30","(Labour)"
"688","Worthing West","E07000229",335,78.1,"45UH","Worthing","E14001055","F31","(Conservative)"
"689","Worthing West","E07000224",330,79.1,"45UC","Arun","E14001055","F31","(Conservative)"
"690","Wycombe","E07000007",278,80.8,"11UF","Wycombe","E14001056","F32","(Conservative)"
"691","Wyre and Preston North","E07000128",59,77.5,"30UQ","Wyre","E14001057","F33","(Conservative)"
"692","Wyre and Preston North","E07000123",54,76.8,"30UK","Preston","E14001057","F33","(Conservative)"
"693","Wyre Forest","E07000239",171,78.5,"47UG","Wyre Forest","E14001058","F34","(Conservative)"
"694","Wythenshawe and Sale East","E08000003",39,74.5,"00BN","Manchester","E14001059","F35","(Labour)"
"695","Wythenshawe and Sale East","E08000009",45,79.2,"00BU","Trafford","E14001059","F35","(Labour)"
"696","Yeovil","E07000189",375,80.3,"40UD","South Somerset","E14001060","F36","(Liberal Democrat)"
"697","York Central","E06000014",71,79.1,"00FF","York","E14001061","F37","(Labour)"
"698","York Outer","E06000014",71,79.1,"00FF","York","E14001062","F38","(Conservative)"
